[0.2013391],[-0.31129435],[0.92874022],[1.]
[-0.26442927],[0.03286635],[0.11350207],[1.]
[-0.70528604],[0.34375736],[-0.72851461],[1.]
[-0.93688419],[0.01924543],[-1.64560474],[1.]
[-0.00038715],[-0.33039134],[-1.61863396],[1.]
[-0.81264753],[-0.1521287],[-1.06324625],[1.]
[-1.78383296],[0.08230066],[-1.02033079],[1.]
[-2.76874625],[-0.09038051],[-1.03160149],[1.]
[-3.70444673],[-0.38078917],[-1.23191981],[1.]
[-3.00061561],[0.31834624],[-1.35774287],[1.]
[-3.6827395],[0.52493738],[-2.05918931],[1.]
[-3.63088403],[0.70992812],[-3.04056051],[1.]
[-2.83068707],[0.33698991],[-2.57087772],[1.]
[-2.25745852],[0.71649669],[-1.84466588],[1.]
[-1.33383368],[0.3477847],[-1.73993465],[1.]
[-2.10274501],[0.36691678],[-2.37900376],[1.]
[-1.25250014],[0.57158652],[-2.86397175],[1.]
[-0.4827032],[0.61520218],[-3.50076869],[1.]
[-1.4241313],[0.28768369],[-3.42048936],[1.]
[-0.5922829],[-0.01589203],[-3.88510752],[1.]
[-1.23333047],[0.75069275],[-3.84761366],[1.]
[-0.52382702],[0.60392019],[-4.53686156],[1.]
[-0.28448499],[-0.14227018],[-3.91564072],[1.]
[0.24554376],[-0.90416787],[-3.54337546],[1.]
[0.42988658],[-0.53712208],[-4.45512932],[1.]
[0.42965254],[-1.17950936],[-3.68874918],[1.]
[0.9490553],[-1.83884227],[-3.14514925],[1.]
[0.11797068],[-1.76164576],[-3.6959115],[1.]
[-0.15352665],[-2.50620444],[-3.08605777],[1.]
[0.31006681],[-3.01204919],[-2.35859493],[1.]
[0.54974246],[-3.22132432],[-1.41056565],[1.]
[0.55159628],[-2.32234075],[-0.97258722],[1.]
[0.64760169],[-1.94892589],[-0.04990401],[1.]
[0.71201405],[-1.55483354],[0.86690691],[1.]
[1.21113303],[-1.11861332],[1.61563395],[1.]
[2.10168409],[-0.87405339],[1.99918218],[1.]
[2.75536967],[-0.2175304],[2.37557656],[1.]
[3.19610216],[0.46533394],[2.95820093],[1.]
[3.8967124],[0.59362558],[3.66011726],[1.]
[3.29050265],[-0.19280172],[3.54161901],[1.]
[2.57536559],[-0.88141805],[3.42167509],[1.]
[1.84782317],[-0.99221834],[2.74461872],[1.]
[2.57728173],[-1.10725834],[3.41890057],[1.]
[2.03228289],[-1.23333969],[2.58999783],[1.]
[2.77235705],[-1.21449483],[3.26225902],[1.]
[3.44525391],[-1.33832204],[3.99155775],[1.]
[4.30177627],[-1.49036602],[4.48476366],[1.]
[5.29793356],[-1.41317781],[4.44337964],[1.]
[6.17504219],[-0.99719508],[4.68346049],[1.]
[6.88061926],[-0.70474031],[5.32893025],[1.]
[7.73014371],[-0.22897476],[5.55686743],[1.]
[7.10660824],[-0.52838903],[4.83468004],[1.]
[6.57727931],[-1.32027845],[4.5301771],[1.]
[5.91879008],[-1.78930727],[3.94161623],[1.]
[6.0847884],[-1.43760188],[3.02034109],[1.]
[7.00701469],[-1.65111793],[3.34269115],[1.]
[6.46371386],[-1.90947217],[2.54389374],[1.]
[5.92038101],[-2.66826753],[2.18470157],[1.]
[6.21166227],[-2.22025533],[3.02994727],[1.]
[5.89576922],[-2.69967211],[2.21118532],[1.]
[6.5956987],[-2.66504462],[2.92455736],[1.]
[6.7463673],[-2.84011387],[1.95159809],[1.]
[6.90198471],[-2.22982366],[1.17485548],[1.]
[6.65675681],[-3.06770132],[1.66252781],[1.]
[6.28554062],[-3.3620109],[2.54319825],[1.]
[7.13040442],[-3.63562074],[2.08347788],[1.]
[6.38832497],[-4.10255088],[2.56440858],[1.]
[6.67089764],[-3.74635647],[1.6737469],[1.]
[6.6775167],[-3.08463778],[0.92402391],[1.]
[5.92976038],[-3.30909685],[1.54890679],[1.]
[5.79516146],[-2.37243241],[1.87223768],[1.]
[6.02627752],[-2.79422015],[2.74898193],[1.]
[6.38782008],[-3.6677514],[3.07491155],[1.]
[6.11779495],[-2.70517432],[3.05185095],[1.]
[6.73034798],[-3.48994533],[2.95744091],[1.]
[5.78663655],[-3.20437158],[2.79053862],[1.]
[4.87266281],[-2.98246115],[3.13025578],[1.]
[4.88744593],[-3.97957563],[3.05579657],[1.]
[5.1131502],[-4.94173376],[2.90312272],[1.]
[4.88829832],[-5.89939804],[3.08290245],[1.]
[4.28777667],[-6.65383113],[2.81794118],[1.]
[4.71726],[-5.88807485],[2.33923313],[1.]
[4.72318866],[-6.88800857],[2.32936292],[1.]
[4.59498535],[-7.7637683],[2.79477541],[1.]
[4.29076727],[-8.70147557],[2.62697657],[1.]
[3.52755098],[-9.33001203],[2.77678579],[1.]
[4.25030549],[-8.66009595],[2.60696717],[1.]
[4.4866156],[-7.75249193],[2.25996217],[1.]
[4.19630339],[-8.30716089],[1.48017941],[1.]
[4.45696148],[-9.14186026],[0.9950667],[1.]
[4.4809609],[-10.10981979],[0.74510995],[1.]
[5.26082532],[-10.1370452],[1.37046606],[1.]
[4.96666757],[-10.37116598],[0.44382768],[1.]
[4.35976392],[-10.98652751],[-0.05916153],[1.]
[4.70745738],[-10.59953701],[0.79485698],[1.]
[4.361952],[-11.09932249],[0.00060229],[1.]
[5.04680022],[-10.85043911],[0.68546722],[1.]
[4.22137884],[-10.88527577],[0.12202605],[1.]
[3.28413747],[-10.75256481],[-0.20041219],[1.]
[2.6659849],[-9.96660249],[-0.21268564],[1.]
[2.28319593],[-9.07837647],[0.04133628],[1.]
[2.18965876],[-8.27544334],[0.63002058],[1.]
[1.7065825],[-7.60296572],[0.06929678],[1.]
[2.46355902],[-8.25626495],[0.08295971],[1.]
[2.41595207],[-8.85406929],[0.88318689],[1.]
[2.88449513],[-9.05326225],[1.74387822],[1.]
[2.78583523],[-8.6548333],[0.83200071],[1.]
[2.48367115],[-7.76610072],[0.4872526],[1.]
[3.01973072],[-7.14009855],[-0.07910544],[1.]
[2.57044162],[-7.7739952],[0.55042958],[1.]
[2.55972667],[-7.7374568],[-0.44884522],[1.]
[2.85590271],[-7.2646644],[0.38106266],[1.]
[2.95703081],[-7.28127697],[1.37579737],[1.]
[3.03848346],[-7.05521845],[2.3464997],[1.]
[3.04029213],[-7.22976415],[1.36185229],[1.]
[2.75819758],[-7.66501643],[2.21682487],[1.]
[2.66401681],[-7.23985902],[1.31661869],[1.]
[2.70371707],[-7.97613662],[1.99213271],[1.]
[3.21155683],[-8.76629252],[2.33528346],[1.]
[3.16901457],[-9.61900513],[2.85592859],[1.]
[3.03932946],[-10.60158497],[2.98903997],[1.]
[2.91717941],[-11.56444291],[3.22983855],[1.]
[3.53875428],[-10.78153712],[3.25635675],[1.]
[4.24326751],[-10.08174393],[3.13824409],[1.]
[4.19823968],[-9.77620983],[4.08935996],[1.]
[3.69867639],[-9.93507999],[3.23777509],[1.]
[3.0978101],[-9.72910617],[4.01013154],[1.]
[3.35606704],[-10.22283409],[3.17974844],[1.]
[3.80400651],[-10.60344526],[2.37074574],[1.]
[4.13926754],[-11.35617353],[1.80417695],[1.]
[3.9987473],[-11.37532271],[2.79406956],[1.]
[3.88565975],[-10.48984374],[3.24477811],[1.]
[3.97372179],[-11.46071681],[3.46760217],[1.]
[4.41205159],[-12.11138917],[4.08767674],[1.]
[4.85910984],[-11.4979758],[3.43662915],[1.]
[5.65412549],[-11.04238637],[3.03614395],[1.]
[6.19953985],[-10.77103222],[2.24311803],[1.]
[6.89117584],[-10.9554974],[1.54482565],[1.]
[6.43972321],[-10.94451529],[2.43705315],[1.]
[6.87087243],[-10.90162039],[1.53579271],[1.]
[6.10405702],[-11.50746401],[1.74780128],[1.]
[6.89456974],[-11.18311528],[1.22829426],[1.]
[7.64125009],[-10.57536968],[0.95789872],[1.]
[7.94585778],[-10.01027339],[0.19116517],[1.]
[7.11912822],[-10.36137553],[0.63076218],[1.]
[7.19456447],[-9.37960425],[0.80521715],[1.]
[7.3516878],[-8.40335304],[0.65606677],[1.]
[6.82502204],[-8.99555483],[1.26591939],[1.]
[6.05172754],[-8.84436085],[1.88167583],[1.]
[5.43166171],[-9.30545381],[2.51642905],[1.]
[5.32644415],[-8.31134697],[2.49033576],[1.]
[5.09134729],[-9.26731123],[2.31466046],[1.]
[5.34947578],[-9.77688771],[1.49386725],[1.]
[4.96751823],[-9.39119253],[2.33371703],[1.]
[4.5569376],[-9.85117364],[3.1210168],[1.]
[5.2327656],[-10.13456325],[2.44061483],[1.]
[4.39484075],[-9.88415059],[2.92556374],[1.]
[3.69921748],[-9.43846279],[3.48900907],[1.]
[4.48021724],[-10.06247577],[3.46356957],[1.]
[5.08069501],[-10.50428885],[2.79706551],[1.]
[5.60009865],[-11.08101756],[2.16650715],[1.]
[5.1788326],[-10.38386818],[2.74660856],[1.]
[4.849427],[-11.26633289],[2.41082891],[1.]
[4.72711129],[-11.95763957],[1.69869554],[1.]
[5.06085727],[-12.89491421],[1.59804828],[1.]
[4.73536825],[-11.96028375],[1.7413061],[1.]
[4.03310815],[-11.65187389],[2.38295562],[1.]
[3.22524332],[-11.30396772],[2.85868213],[1.]
[4.01104724],[-11.86202664],[2.59206922],[1.]
[3.97624444],[-12.77550886],[2.99745668],[1.]
[4.45357781],[-13.65004257],[3.08315178],[1.]
[3.97821451],[-12.79841807],[2.86232277],[1.]
[3.43735851],[-12.12507986],[2.35824892],[1.]
[3.8885451],[-12.54873751],[3.14370729],[1.]
[4.48618388],[-13.12696634],[3.69911644],[1.]
[5.07866447],[-13.80907279],[4.12771594],[1.]
[4.32902104],[-13.15052729],[4.19368977],[1.]
[3.4010606],[-12.78382561],[4.12721197],[1.]
[2.9698507],[-12.34492334],[4.91551574],[1.]
[2.6846775],[-11.38917594],[4.84324431],[1.]
[3.05891636],[-12.31382844],[4.91369313],[1.]
[2.19064936],[-12.15465222],[5.38356051],[1.]
[2.8382461],[-12.43565628],[4.6752843],[1.]
[2.81534385],[-11.82829177],[5.46937739],[1.]
[1.90860208],[-11.49044681],[5.72172666],[1.]
[0.95716784],[-11.20867731],[5.84573811],[1.]
[0.08666704],[-10.73432925],[5.9769718],[1.]
[1.03525879],[-10.69580986],[5.66282222],[1.]
[1.85755837],[-10.15440645],[5.48759166],[1.]
[0.93205387],[-10.52764916],[5.4233164],[1.]
[1.86221457],[-10.31884547],[5.12131955],[1.]
[2.82209547],[-10.49569318],[4.90371084],[1.]
[3.52952208],[-9.93108698],[4.47854331],[1.]
[4.44397202],[-9.97076086],[4.07579364],[1.]
[5.36649161],[-9.83443282],[3.71472263],[1.]
[5.9124012],[-9.26362409],[3.10140371],[1.]
[5.13872099],[-9.5456093],[3.66876891],[1.]
[5.54663155],[-9.25197656],[2.8042524],[1.]
[5.15595352],[-8.84619367],[3.63051563],[1.]
[5.27460139],[-8.74835451],[2.64241129],[1.]
[5.28625886],[-9.00405423],[3.60909725],[1.]
[5.20970027],[-8.77318752],[2.63912852],[1.]
[5.1154144],[-8.26520768],[1.7829354],[1.]
[4.86465649],[-9.22877165],[1.68984966],[1.]
[4.91124898],[-8.24913078],[1.88512616],[1.]
[4.50741396],[-9.14992115],[2.04479453],[1.]
[5.20457075],[-8.49688309],[2.34062169],[1.]
[5.8716704],[-7.75406931],[2.397241],[1.]
[6.64363915],[-7.97104532],[1.79975824],[1.]
[7.37927944],[-8.3549018],[1.24164753],[1.]
[8.01324759],[-8.7718943],[0.59033989],[1.]
[7.59131178],[-8.43842497],[1.43341069],[1.]
[6.84199758],[-8.99339904],[1.79470286],[1.]
[6.60120362],[-8.04639886],[2.00732679],[1.]
[6.2584091],[-8.54182316],[1.20917475],[1.]
[6.77729378],[-9.34644976],[0.9204972],[1.]
[6.55245237],[-10.29519603],[0.69840072],[1.]
[6.27387923],[-9.87100079],[1.56005923],[1.]
[5.9729637],[-10.72517067],[1.13597945],[1.]
[5.20339644],[-10.43679626],[1.70572188],[1.]
[4.34461497],[-10.61362448],[2.18658168],[1.]
[4.16500774],[-9.92223271],[2.88638069],[1.]
[4.5630753],[-9.92342869],[1.96902537],[1.]
[5.12083452],[-9.22355102],[1.52284615],[1.]
[4.3449837],[-9.60808658],[2.02303402],[1.]
[5.07743263],[-9.12922009],[1.53908625],[1.]
[5.89894883],[-9.06515893],[0.97251118],[1.]
[6.09468808],[-8.77610028],[0.03542461],[1.]
[5.7975363],[-9.1718778],[-0.83351784],[1.]
[5.77767629],[-8.56631925],[-0.03796494],[1.]
[5.78688332],[-7.81052941],[0.6167846],[1.]
[6.35469048],[-8.58620457],[0.34124319],[1.]
[5.95786598],[-7.68227368],[0.1817463],[1.]
[6.80157315],[-7.8846111],[0.6789563],[1.]
[7.59755504],[-8.48538647],[0.60491719],[1.]
[8.449669],[-8.83089881],[0.99801134],[1.]
[9.05991431],[-9.22597972],[1.68467846],[1.]
[9.15472594],[-10.14356713],[2.07074077],[1.]
[9.60492964],[-10.98355114],[2.37363262],[1.]
[8.89782982],[-10.44170415],[1.9193071],[1.]
[9.72236924],[-10.90796343],[1.59878094],[1.]
[10.68610477],[-10.85140686],[1.33798373],[1.]
[10.40653636],[-9.94302482],[1.02704389],[1.]
[10.61619022],[-9.97083842],[2.00442389],[1.]
[11.36959207],[-10.62669356],[1.95709866],[1.]
[12.24128766],[-10.79074417],[2.41887155],[1.]
[11.25266649],[-10.71931788],[2.286484],[1.]
[10.39430138],[-10.21004394],[2.34852747],[1.]
[9.45916355],[-10.37815464],[2.66038647],[1.]
[10.28818021],[-10.23941202],[2.11864681],[1.]
[9.71152892],[-11.00361621],[2.40755031],[1.]
[9.84984039],[-10.29760385],[3.10211238],[1.]
[9.97399071],[-9.41608339],[3.55764325],[1.]
[10.52415603],[-10.17403709],[3.20718027],[1.]
[11.34984283],[-10.11833349],[3.76855217],[1.]
[11.02113845],[-10.49431536],[2.90218558],[1.]
[11.19966016],[-10.71116451],[1.94244268],[1.]
[10.94466575],[-11.27687189],[1.15825328],[1.]
[11.71057833],[-11.0707822],[1.76727296],[1.]
[10.73242993],[-11.24507369],[1.65392313],[1.]
[10.21642544],[-12.05541613],[1.37628219],[1.]
[9.29064722],[-12.31798499],[1.6482974],[1.]
[8.85263624],[-13.17985952],[1.39272219],[1.]
[9.40224663],[-12.43970911],[1.0052873],[1.]
[10.05776658],[-11.85939935],[0.52203356],[1.]
[9.46348624],[-12.61823869],[0.78848008],[1.]
[9.18924155],[-13.44067061],[1.28687309],[1.]
[10.00761968],[-13.10934635],[1.75642764],[1.]
[10.04105183],[-12.79273675],[0.80846105],[1.]
[9.89186301],[-13.34385387],[1.62944376],[1.]
[9.70895468],[-12.63797601],[2.31375436],[1.]
[10.48625013],[-13.17301117],[2.6447365],[1.]
[11.23837857],[-13.5708891],[3.17008967],[1.]
[11.00430043],[-13.03405258],[2.35952568],[1.]
[11.55240164],[-13.34297336],[3.13679848],[1.]
[11.94927087],[-12.97337923],[3.97697406],[1.]
[10.99756064],[-12.82769088],[3.70674721],[1.]
[10.06736765],[-13.16114162],[3.5532819],[1.]
[10.0678361],[-12.73007281],[4.45560084],[1.]
[10.18200751],[-11.80133167],[4.80831145],[1.]
[9.48179245],[-12.06589339],[4.14520817],[1.]
[9.38109945],[-11.15227299],[4.53911003],[1.]
[9.55535872],[-10.55740528],[5.32381769],[1.]
[9.44947233],[-11.34847832],[4.72132991],[1.]
[8.87760405],[-10.66755553],[5.17883492],[1.]
[9.24098455],[-11.14058495],[4.37621559],[1.]
[10.04790269],[-10.7353257],[3.94650865],[1.]
[9.20291878],[-11.26488104],[3.8718539],[1.]
[9.07378877],[-10.28170967],[4.00108045],[1.]
[9.74730878],[-10.57480498],[3.32250404],[1.]
[9.92246126],[-11.11820809],[4.14350018],[1.]
[9.57441133],[-10.99217528],[5.07246572],[1.]
[9.90652778],[-10.99134668],[6.01570375],[1.]
[9.74200392],[-11.60227411],[5.24130102],[1.]
[9.73647714],[-11.22246953],[4.31625079],[1.]
[8.99328878],[-11.13058538],[4.97899386],[1.]
[9.72939357],[-11.077951],[4.30417583],[1.]
[8.99566532],[-10.88964921],[4.95700451],[1.]
[8.18849155],[-11.23140718],[5.43832769],[1.]
[8.81205833],[-10.65169171],[4.91383322],[1.]
[7.89315159],[-11.04515068],[4.8855409],[1.]
[7.26101506],[-11.70678624],[4.48225219],[1.]
[7.45120513],[-10.73000916],[4.3835897],[1.]
[8.32885556],[-10.26661577],[4.50604906],[1.]
[7.48340487],[-10.79851672],[4.55395026],[1.]
[8.37166196],[-10.42119565],[4.81592003],[1.]
[7.44014675],[-10.49390091],[5.17228132],[1.]
[7.06300315],[-10.33004646],[6.08382639],[1.]
[7.29154428],[-10.38506354],[7.05580483],[1.]
[8.01171511],[-10.83286126],[7.58573989],[1.]
[7.94254421],[-9.93478697],[8.02011064],[1.]
[7.42863451],[-9.12542674],[8.30442182],[1.]
[7.9012782],[-9.48745142],[7.500963],[1.]
[7.33259404],[-8.96650616],[8.1375275],[1.]
[7.60683223],[-9.9201155],[8.01333955],[1.]
[7.6875109],[-10.75605927],[7.47048693],[1.]
[7.21300446],[-10.36980537],[8.26146833],[1.]
[0.4270036],[-0.09249397],[0.89950697],[1.]
[0.24547185],[-0.24230702],[1.87141348],[1.]
[0.34722845],[-0.35556658],[2.85975445],[1.]
[0.83953118],[0.21991394],[3.51279364],[1.]
[1.47548598],[0.51627071],[4.22534831],[1.]
[1.12312968],[0.36074649],[5.14820109],[1.]
[1.343603],[1.12271215],[4.53926772],[1.]
[1.74965144],[1.71298766],[5.23690622],[1.]
[2.0867048],[1.99377849],[6.13554494],[1.]
[3.02642786],[1.90983579],[6.46701768],[1.]
[3.48818636],[2.22446063],[7.29634892],[1.]
[3.76582332],[3.04104289],[6.79027469],[1.]
[3.57933261],[2.07410693],[6.616332],[1.]
[3.52562531],[1.69878694],[5.69099399],[1.]
[2.92966131],[2.26607041],[5.1226487],[1.]
[2.45020891],[3.13761546],[5.22528708],[1.]
[1.87339288],[2.84204132],[4.46376282],[1.]
[1.2629741],[2.63605594],[3.69893674],[1.]
[0.56311433],[2.85697911],[3.01968033],[1.]
[0.00876665],[3.45751543],[2.44343839],[1.]
[-0.73152721],[3.64077202],[1.79661382],[1.]
[-1.590362],[3.7945169],[1.30797764],[1.]
[-1.77385325],[4.70835704],[0.94572474],[1.]
[-2.3538598],[5.38483705],[0.49188864],[1.]
[-3.19789526],[4.92042139],[0.76007184],[1.]
[-2.77703491],[5.57832006],[0.13553529],[1.]
[-2.31365412],[6.40896103],[-0.17319406],[1.]
[-2.10906099],[7.28585458],[-0.60816458],[1.]
[-1.55276476],[6.84597209],[-1.31317373],[1.]
[-2.13725883],[6.35897826],[-0.66417166],[1.]
[-2.49429649],[6.37568865],[0.26976885],[1.]
[-3.3627936],[6.1527609],[0.71250578],[1.]
[-3.76776194],[5.90718197],[1.59323936],[1.]
[-4.05367873],[5.43538569],[2.42730162],[1.]
[-4.69500277],[5.02470707],[3.0754116],[1.]
[0.4270036],[-0.09249397],[0.89950697],[1.]
[0.24547185],[-0.24230702],[1.87141348],[1.]
[0.34722845],[-0.35556658],[2.85975445],[1.]
[0.83953118],[0.21991394],[3.51279364],[1.]
[1.47548598],[0.51627071],[4.22534831],[1.]
[1.12312968],[0.36074649],[5.14820109],[1.]
[1.343603],[1.12271215],[4.53926772],[1.]
[1.74965144],[1.71298766],[5.23690622],[1.]
[2.0867048],[1.99377849],[6.13554494],[1.]
[0.4270036],[-0.09249397],[0.89950697],[1.]
[0.24547185],[-0.24230702],[1.87141348],[1.]
[0.34722845],[-0.35556658],[2.85975445],[1.]
[0.83953118],[0.21991394],[3.51279364],[1.]
[1.47548598],[0.51627071],[4.22534831],[1.]
[1.12312968],[0.36074649],[5.14820109],[1.]
[1.343603],[1.12271215],[4.53926772],[1.]
[1.74965144],[1.71298766],[5.23690622],[1.]
[2.0867048],[1.99377849],[6.13554494],[1.]
[3.02642786],[1.90983579],[6.46701768],[1.]
[3.48818636],[2.22446063],[7.29634892],[1.]
[3.76582332],[3.04104289],[6.79027469],[1.]
[3.57933261],[2.07410693],[6.616332],[1.]
[3.52562531],[1.69878694],[5.69099399],[1.]
[2.92966131],[2.26607041],[5.1226487],[1.]
[2.45020891],[3.13761546],[5.22528708],[1.]
[1.87339288],[2.84204132],[4.46376282],[1.]
[1.2629741],[2.63605594],[3.69893674],[1.]
[0.56311433],[2.85697911],[3.01968033],[1.]
[0.00876665],[3.45751543],[2.44343839],[1.]
[-0.73152721],[3.64077202],[1.79661382],[1.]
[-1.590362],[3.7945169],[1.30797764],[1.]
[-1.77385325],[4.70835704],[0.94572474],[1.]
[-2.3538598],[5.38483705],[0.49188864],[1.]
[-3.19789526],[4.92042139],[0.76007184],[1.]
[-2.77703491],[5.57832006],[0.13553529],[1.]
[-2.31365412],[6.40896103],[-0.17319406],[1.]
[-2.10906099],[7.28585458],[-0.60816458],[1.]
[-1.55276476],[6.84597209],[-1.31317373],[1.]
[-2.13725883],[6.35897826],[-0.66417166],[1.]
[-2.49429649],[6.37568865],[0.26976885],[1.]
[-3.3627936],[6.1527609],[0.71250578],[1.]
[-3.76776194],[5.90718197],[1.59323936],[1.]
[-4.05367873],[5.43538569],[2.42730162],[1.]
[-4.69500277],[5.02470707],[3.0754116],[1.]
[-5.50450355],[4.60654137],[3.48753528],[1.]
[-6.48653394],[4.78569103],[3.54687937],[1.]
[-5.95018729],[3.99301328],[3.83669697],[1.]
[-5.69065019],[3.29476952],[4.50385224],[1.]
[-5.639478],[2.78553072],[5.36295483],[1.]
[-5.37777367],[2.21888247],[6.14424901],[1.]
[-5.11475208],[1.94263413],[7.06864422],[1.]
[-4.72186231],[1.2175555],[7.63424002],[1.]
[-4.43296579],[0.38076397],[8.0993408],[1.]
[-4.15413218],[-0.20547708],[8.85998082],[1.]
[-3.77445613],[-0.74257844],[9.61321931],[1.]
[-3.3947879],[-1.25712058],[10.38204857],[1.]
[-3.21548955],[-1.74997291],[11.23348775],[1.]
[-2.76010578],[-2.33329039],[11.9060696],[1.]
[-2.22682109],[-2.9375388],[12.49809265],[1.]
[-2.54442919],[-2.60136356],[13.38472183],[1.]
[-2.77828599],[-3.22122266],[14.13377837],[1.]
[-2.69973357],[-3.42086404],[15.1104937],[1.]
[-2.06285524],[-3.84563872],[15.75388507],[1.]
[-2.10714941],[-4.14546694],[16.70684943],[1.]
[-1.74918019],[-4.72261563],[17.44085041],[1.]
[-0.76054841],[-4.73789162],[17.59042933],[1.]
[-0.06634539],[-5.25138981],[18.09481191],[1.]
[-0.01791768],[-5.13918118],[19.08731581],[1.]
[0.15812769],[-5.2890023],[20.06022982],[1.]
[0.60056277],[-5.9405257],[20.67648338],[1.]
[1.34994233],[-6.16807571],[21.29829627],[1.]
[1.60117298],[-6.22800122],[22.26436671],[1.]
[2.4901779],[-6.39387613],[22.69116381],[1.]
[1.91165804],[-6.43901055],[23.50558241],[1.]
[2.11433044],[-6.87018185],[24.38479524],[1.]
[1.58993695],[-6.58540759],[25.18723844],[1.]
[2.17215333],[-7.34865379],[25.46738006],[1.]
[1.66128158],[-6.58075826],[25.08092628],[1.]
[1.15486799],[-5.72468328],[24.97757791],[1.]
[0.63654426],[-4.92369036],[25.27716239],[1.]
[0.28849938],[-3.99000911],[25.36144812],[1.]
[0.18383157],[-3.07668253],[24.96790118],[1.]
[-0.14487173],[-2.19904997],[25.31677829],[1.]
[-0.59717249],[-1.30745781],[25.29470043],[1.]
[-0.24077228],[-0.49121368],[24.84003088],[1.]
[-0.14975318],[0.49633205],[24.96836229],[1.]
[-0.68167616],[1.3076444],[25.2109117],[1.]
[-1.35720437],[2.03590334],[25.32623976],[1.]
[-1.71311143],[2.93905465],[25.08614005],[1.]
[-2.10772092],[3.77979207],[25.45687438],[1.]
[-2.46224019],[4.70165052],[25.30037176],[1.]
[-3.13150713],[5.44415826],[25.27273074],[1.]
[-3.85462929],[6.13356071],[25.31537598],[1.]
[-4.69399526],[6.6466548],[25.49481737],[1.]
[-5.49779617],[7.22808245],[25.36893651],[1.]
[-5.66899554],[7.43373647],[26.33247022],[1.]
[-5.77756548],[8.3043464],[25.85262554],[1.]
[-5.28067645],[8.60061521],[25.03695031],[1.]
[-5.94024642],[9.26964828],[24.69436863],[1.]
[-6.63880519],[9.83444308],[25.13371187],[1.]
[-6.26431561],[10.04367758],[26.03702714],[1.]
[-6.10140458],[9.8845054],[27.01074384],[1.]
[-6.83592432],[10.35155849],[27.50302644],[1.]
[-7.12268442],[10.42643005],[28.45809863],[1.]
[-7.65111812],[10.43439858],[29.30703581],[1.]
[-8.35116276],[10.80776059],[29.91575439],[1.]
[-8.0646658],[10.67693983],[28.96664669],[1.]
[-8.23160297],[10.40128631],[29.91329717],[1.]
[-8.10359766],[10.35951239],[30.9041905],[1.]
[-7.60402511],[10.15059417],[31.74489285],[1.]
[-7.18176566],[10.51908349],[32.57309124],[1.]
[-6.99002634],[10.3402795],[33.53811205],[1.]
[-7.50554393],[10.63441133],[34.34292761],[1.]
[-7.85847252],[11.12903699],[33.5487067],[1.]
[-8.35038503],[11.37641942],[32.71394684],[1.]
[-9.07468327],[11.20819671],[32.04529657],[1.]
[-9.7147069],[11.36769251],[31.29367776],[1.]
[-9.81164404],[11.0195902],[30.36124655],[1.]
[-9.03301146],[11.19581437],[30.96347271],[1.]
[-8.12870216],[10.81200139],[31.15032098],[1.]
[-7.48015615],[11.06707525],[31.86748582],[1.]
[-6.58117536],[11.37728462],[32.17668427],[1.]
[-5.83027064],[11.90842822],[31.78421951],[1.]
[-5.99859612],[12.66057651],[32.42135332],[1.]
[-6.7128636],[12.27525162],[31.83710448],[1.]
[-7.6490879],[11.93674446],[31.74278078],[1.]
[-8.02002],[11.34992959],[31.02301854],[1.]
[-8.76355409],[10.94793002],[30.48864657],[1.]
[-9.2877407],[10.11010098],[30.33609859],[1.]
[-10.21949227],[9.74728928],[30.32172158],[1.]
[-10.8907869],[9.09441831],[30.67261045],[1.]
[-11.80131603],[9.4900295],[30.79272911],[1.]
[-12.627741],[9.99664663],[30.54704464],[1.]
[-13.53623978],[9.586703],[30.62813825],[1.]
[-14.38105083],[9.08340091],[30.80974582],[1.]
[-15.32921293],[9.09595994],[30.49220701],[1.]
[-16.22696786],[8.92394242],[30.89772652],[1.]
[-17.17776626],[8.78377151],[31.17401351],[1.]
[-18.06128873],[8.34875879],[31.00037025],[1.]
[-19.02455362],[8.35632616],[31.26881669],[1.]
[-20.02150369],[8.27838113],[31.27270777],[1.]
[-20.8456502],[7.71501455],[31.33102268],[1.]
[-21.787614],[7.73662318],[31.66604097],[1.]
[-22.4615167],[7.95845218],[32.37077287],[1.]
[-23.44921974],[8.01248621],[32.51748014],[1.]
[-24.37824383],[7.6432542],[32.54160411],[1.]
[-25.14390672],[7.13034638],[32.15342128],[1.]
[-25.21512551],[6.37890731],[32.80936884],[1.]
[-25.73978908],[6.10304131],[32.00399558],[1.]
[0.4270036],[-0.09249397],[0.89950697],[1.]
[0.24547185],[-0.24230702],[1.87141348],[1.]
[0.34722845],[-0.35556658],[2.85975445],[1.]
[0.83953118],[0.21991394],[3.51279364],[1.]
[1.47548598],[0.51627071],[4.22534831],[1.]
[1.12312968],[0.36074649],[5.14820109],[1.]
[1.343603],[1.12271215],[4.53926772],[1.]
[1.74965144],[1.71298766],[5.23690622],[1.]
[2.0867048],[1.99377849],[6.13554494],[1.]
[3.02642786],[1.90983579],[6.46701768],[1.]
[3.48818636],[2.22446063],[7.29634892],[1.]
[3.76582332],[3.04104289],[6.79027469],[1.]
[3.57933261],[2.07410693],[6.616332],[1.]
[3.52562531],[1.69878694],[5.69099399],[1.]
[2.92966131],[2.26607041],[5.1226487],[1.]
[2.45020891],[3.13761546],[5.22528708],[1.]
[1.87339288],[2.84204132],[4.46376282],[1.]
[1.2629741],[2.63605594],[3.69893674],[1.]
[0.56311433],[2.85697911],[3.01968033],[1.]
[0.00876665],[3.45751543],[2.44343839],[1.]
[-0.73152721],[3.64077202],[1.79661382],[1.]
[-1.590362],[3.7945169],[1.30797764],[1.]
[-1.77385325],[4.70835704],[0.94572474],[1.]
[-2.3538598],[5.38483705],[0.49188864],[1.]
[-3.19789526],[4.92042139],[0.76007184],[1.]
[-2.77703491],[5.57832006],[0.13553529],[1.]
[-2.31365412],[6.40896103],[-0.17319406],[1.]
[-2.10906099],[7.28585458],[-0.60816458],[1.]
[-1.55276476],[6.84597209],[-1.31317373],[1.]
[-2.13725883],[6.35897826],[-0.66417166],[1.]
[-2.49429649],[6.37568865],[0.26976885],[1.]
[-3.3627936],[6.1527609],[0.71250578],[1.]
[0.4270036],[-0.09249397],[0.89950697],[1.]
[0.24547185],[-0.24230702],[1.87141348],[1.]
[0.34722845],[-0.35556658],[2.85975445],[1.]
[0.83953118],[0.21991394],[3.51279364],[1.]
[1.47548598],[0.51627071],[4.22534831],[1.]
[1.12312968],[0.36074649],[5.14820109],[1.]
[1.343603],[1.12271215],[4.53926772],[1.]
[1.74965144],[1.71298766],[5.23690622],[1.]
[2.0867048],[1.99377849],[6.13554494],[1.]
[3.02642786],[1.90983579],[6.46701768],[1.]
[3.48818636],[2.22446063],[7.29634892],[1.]
[3.76582332],[3.04104289],[6.79027469],[1.]
[3.57933261],[2.07410693],[6.616332],[1.]
[3.52562531],[1.69878694],[5.69099399],[1.]
[2.92966131],[2.26607041],[5.1226487],[1.]
[0.4270036],[-0.09249397],[0.89950697],[1.]
[0.24547185],[-0.24230702],[1.87141348],[1.]
[0.34722845],[-0.35556658],[2.85975445],[1.]
[0.83953118],[0.21991394],[3.51279364],[1.]
[1.47548598],[0.51627071],[4.22534831],[1.]
[1.12312968],[0.36074649],[5.14820109],[1.]
[1.343603],[1.12271215],[4.53926772],[1.]
[1.74965144],[1.71298766],[5.23690622],[1.]
[2.0867048],[1.99377849],[6.13554494],[1.]
[3.02642786],[1.90983579],[6.46701768],[1.]
[3.48818636],[2.22446063],[7.29634892],[1.]
[3.76582332],[3.04104289],[6.79027469],[1.]
[3.57933261],[2.07410693],[6.616332],[1.]
[3.52562531],[1.69878694],[5.69099399],[1.]
[2.92966131],[2.26607041],[5.1226487],[1.]
[2.45020891],[3.13761546],[5.22528708],[1.]
[0.4270036],[-0.09249397],[0.89950697],[1.]
[0.24547185],[-0.24230702],[1.87141348],[1.]
[0.34722845],[-0.35556658],[2.85975445],[1.]
[0.83953118],[0.21991394],[3.51279364],[1.]
[1.47548598],[0.51627071],[4.22534831],[1.]
[1.12312968],[0.36074649],[5.14820109],[1.]
[1.343603],[1.12271215],[4.53926772],[1.]
[1.74965144],[1.71298766],[5.23690622],[1.]
[2.0867048],[1.99377849],[6.13554494],[1.]
[3.02642786],[1.90983579],[6.46701768],[1.]
[3.48818636],[2.22446063],[7.29634892],[1.]
[3.76582332],[3.04104289],[6.79027469],[1.]
[3.57933261],[2.07410693],[6.616332],[1.]
[3.52562531],[1.69878694],[5.69099399],[1.]
[2.92966131],[2.26607041],[5.1226487],[1.]
[2.45020891],[3.13761546],[5.22528708],[1.]
[1.87339288],[2.84204132],[4.46376282],[1.]
[1.2629741],[2.63605594],[3.69893674],[1.]
[0.56311433],[2.85697911],[3.01968033],[1.]
[0.00876665],[3.45751543],[2.44343839],[1.]
[-0.73152721],[3.64077202],[1.79661382],[1.]
[-1.590362],[3.7945169],[1.30797764],[1.]
[-1.77385325],[4.70835704],[0.94572474],[1.]
[-2.3538598],[5.38483705],[0.49188864],[1.]
[-3.19789526],[4.92042139],[0.76007184],[1.]
[-2.77703491],[5.57832006],[0.13553529],[1.]
[-2.31365412],[6.40896103],[-0.17319406],[1.]
[-2.10906099],[7.28585458],[-0.60816458],[1.]
[-1.55276476],[6.84597209],[-1.31317373],[1.]
[-2.13725883],[6.35897826],[-0.66417166],[1.]
[-2.49429649],[6.37568865],[0.26976885],[1.]
[-3.3627936],[6.1527609],[0.71250578],[1.]
[-3.76776194],[5.90718197],[1.59323936],[1.]
[-4.05367873],[5.43538569],[2.42730162],[1.]
[-4.69500277],[5.02470707],[3.0754116],[1.]
[-5.50450355],[4.60654137],[3.48753528],[1.]
[-6.48653394],[4.78569103],[3.54687937],[1.]
[-5.95018729],[3.99301328],[3.83669697],[1.]
[-5.69065019],[3.29476952],[4.50385224],[1.]
[-5.639478],[2.78553072],[5.36295483],[1.]
[-5.37777367],[2.21888247],[6.14424901],[1.]
[-5.11475208],[1.94263413],[7.06864422],[1.]
[-4.72186231],[1.2175555],[7.63424002],[1.]
[-4.43296579],[0.38076397],[8.0993408],[1.]
[-4.15413218],[-0.20547708],[8.85998082],[1.]
[-3.77445613],[-0.74257844],[9.61321931],[1.]
[-3.3947879],[-1.25712058],[10.38204857],[1.]
[-3.21548955],[-1.74997291],[11.23348775],[1.]
[-2.76010578],[-2.33329039],[11.9060696],[1.]
[0.4270036],[-0.09249397],[0.89950697],[1.]
[-2.22682109],[-2.9375388],[12.49809265],[1.]
[0.24547185],[-0.24230702],[1.87141348],[1.]
[-2.54442919],[-2.60136356],[13.38472183],[1.]
[0.34722845],[-0.35556658],[2.85975445],[1.]
[-2.77828599],[-3.22122266],[14.13377837],[1.]
[0.83953118],[0.21991394],[3.51279364],[1.]
[-2.69973357],[-3.42086404],[15.1104937],[1.]
[1.47548598],[0.51627071],[4.22534831],[1.]
[1.12312968],[0.36074649],[5.14820109],[1.]
[-2.06285524],[-3.84563872],[15.75388507],[1.]
[1.343603],[1.12271215],[4.53926772],[1.]
[-2.10714941],[-4.14546694],[16.70684943],[1.]
[1.74965144],[1.71298766],[5.23690622],[1.]
[-1.74918019],[-4.72261563],[17.44085041],[1.]
[2.0867048],[1.99377849],[6.13554494],[1.]
[-0.76054841],[-4.73789162],[17.59042933],[1.]
[3.02642786],[1.90983579],[6.46701768],[1.]
[3.48818636],[2.22446063],[7.29634892],[1.]
[-0.06634539],[-5.25138981],[18.09481191],[1.]
[3.76582332],[3.04104289],[6.79027469],[1.]
[-0.01791768],[-5.13918118],[19.08731581],[1.]
[3.57933261],[2.07410693],[6.616332],[1.]
[0.15812769],[-5.2890023],[20.06022982],[1.]
[3.52562531],[1.69878694],[5.69099399],[1.]
[0.60056277],[-5.9405257],[20.67648338],[1.]
[2.92966131],[2.26607041],[5.1226487],[1.]
[1.34994233],[-6.16807571],[21.29829627],[1.]
[2.45020891],[3.13761546],[5.22528708],[1.]
[1.60117298],[-6.22800122],[22.26436671],[1.]
[1.87339288],[2.84204132],[4.46376282],[1.]
[1.2629741],[2.63605594],[3.69893674],[1.]
[2.4901779],[-6.39387613],[22.69116381],[1.]
[0.56311433],[2.85697911],[3.01968033],[1.]
[1.91165804],[-6.43901055],[23.50558241],[1.]
[0.00876665],[3.45751543],[2.44343839],[1.]
[2.11433044],[-6.87018185],[24.38479524],[1.]
[-0.73152721],[3.64077202],[1.79661382],[1.]
[-1.590362],[3.7945169],[1.30797764],[1.]
[1.58993695],[-6.58540759],[25.18723844],[1.]
[-1.77385325],[4.70835704],[0.94572474],[1.]
[2.17215333],[-7.34865379],[25.46738006],[1.]
[-2.3538598],[5.38483705],[0.49188864],[1.]
[1.66128158],[-6.58075826],[25.08092628],[1.]
[-3.19789526],[4.92042139],[0.76007184],[1.]
[1.15486799],[-5.72468328],[24.97757791],[1.]
[-2.77703491],[5.57832006],[0.13553529],[1.]
[0.63654426],[-4.92369036],[25.27716239],[1.]
[-2.31365412],[6.40896103],[-0.17319406],[1.]
[0.28849938],[-3.99000911],[25.36144812],[1.]
[-2.10906099],[7.28585458],[-0.60816458],[1.]
[0.18383157],[-3.07668253],[24.96790118],[1.]
[-1.55276476],[6.84597209],[-1.31317373],[1.]
[-0.14487173],[-2.19904997],[25.31677829],[1.]
[-2.13725883],[6.35897826],[-0.66417166],[1.]
[-0.59717249],[-1.30745781],[25.29470043],[1.]
[-2.49429649],[6.37568865],[0.26976885],[1.]
[-0.24077228],[-0.49121368],[24.84003088],[1.]
[-3.3627936],[6.1527609],[0.71250578],[1.]
[-0.14975318],[0.49633205],[24.96836229],[1.]
[-3.76776194],[5.90718197],[1.59323936],[1.]
[-0.68167616],[1.3076444],[25.2109117],[1.]
[-4.05367873],[5.43538569],[2.42730162],[1.]
[-4.69500277],[5.02470707],[3.0754116],[1.]
[-1.35720437],[2.03590334],[25.32623976],[1.]
[-5.50450355],[4.60654137],[3.48753528],[1.]
[-1.71311143],[2.93905465],[25.08614005],[1.]
[-6.48653394],[4.78569103],[3.54687937],[1.]
[-2.10772092],[3.77979207],[25.45687438],[1.]
[-5.95018729],[3.99301328],[3.83669697],[1.]
[-2.46224019],[4.70165052],[25.30037176],[1.]
[-5.69065019],[3.29476952],[4.50385224],[1.]
[-3.13150713],[5.44415826],[25.27273074],[1.]
[-5.639478],[2.78553072],[5.36295483],[1.]
[-3.85462929],[6.13356071],[25.31537598],[1.]
[-5.37777367],[2.21888247],[6.14424901],[1.]
[-5.11475208],[1.94263413],[7.06864422],[1.]
[-4.69399526],[6.6466548],[25.49481737],[1.]
[-4.72186231],[1.2175555],[7.63424002],[1.]
[-5.49779617],[7.22808245],[25.36893651],[1.]
[-4.43296579],[0.38076397],[8.0993408],[1.]
[-5.66899554],[7.43373647],[26.33247022],[1.]
[-4.15413218],[-0.20547708],[8.85998082],[1.]
[-5.77756548],[8.3043464],[25.85262554],[1.]
[-3.77445613],[-0.74257844],[9.61321931],[1.]
[-5.28067645],[8.60061521],[25.03695031],[1.]
[-3.3947879],[-1.25712058],[10.38204857],[1.]
[-3.21548955],[-1.74997291],[11.23348775],[1.]
[-5.94024642],[9.26964828],[24.69436863],[1.]
[-2.76010578],[-2.33329039],[11.9060696],[1.]
[-6.63880519],[9.83444308],[25.13371187],[1.]
[-2.22682109],[-2.9375388],[12.49809265],[1.]
[-6.26431561],[10.04367758],[26.03702714],[1.]
[-2.54442919],[-2.60136356],[13.38472183],[1.]
[-6.10140458],[9.8845054],[27.01074384],[1.]
[-2.77828599],[-3.22122266],[14.13377837],[1.]
[-6.83592432],[10.35155849],[27.50302644],[1.]
[-2.69973357],[-3.42086404],[15.1104937],[1.]
[-7.12268442],[10.42643005],[28.45809863],[1.]
[-2.06285524],[-3.84563872],[15.75388507],[1.]
[-7.65111812],[10.43439858],[29.30703581],[1.]
[-2.10714941],[-4.14546694],[16.70684943],[1.]
[-8.35116276],[10.80776059],[29.91575439],[1.]
[-1.74918019],[-4.72261563],[17.44085041],[1.]
[-8.0646658],[10.67693983],[28.96664669],[1.]
[-0.76054841],[-4.73789162],[17.59042933],[1.]
[-8.23160297],[10.40128631],[29.91329717],[1.]
[-0.06634539],[-5.25138981],[18.09481191],[1.]
[-8.10359766],[10.35951239],[30.9041905],[1.]
[-0.01791768],[-5.13918118],[19.08731581],[1.]
[-7.60402511],[10.15059417],[31.74489285],[1.]
[-7.18176566],[10.51908349],[32.57309124],[1.]
[0.15812769],[-5.2890023],[20.06022982],[1.]
[-6.99002634],[10.3402795],[33.53811205],[1.]
[0.60056277],[-5.9405257],[20.67648338],[1.]
[-7.50554393],[10.63441133],[34.34292761],[1.]
[1.34994233],[-6.16807571],[21.29829627],[1.]
[-7.85847252],[11.12903699],[33.5487067],[1.]
[1.60117298],[-6.22800122],[22.26436671],[1.]
[2.4901779],[-6.39387613],[22.69116381],[1.]
[-8.35038503],[11.37641942],[32.71394684],[1.]
[1.91165804],[-6.43901055],[23.50558241],[1.]
[-9.07468327],[11.20819671],[32.04529657],[1.]
[-9.7147069],[11.36769251],[31.29367776],[1.]
[2.11433044],[-6.87018185],[24.38479524],[1.]
[-9.81164404],[11.0195902],[30.36124655],[1.]
[1.58993695],[-6.58540759],[25.18723844],[1.]
[2.17215333],[-7.34865379],[25.46738006],[1.]
[-9.03301146],[11.19581437],[30.96347271],[1.]
[1.66128158],[-6.58075826],[25.08092628],[1.]
[-8.12870216],[10.81200139],[31.15032098],[1.]
[-7.48015615],[11.06707525],[31.86748582],[1.]
[-6.58117536],[11.37728462],[32.17668427],[1.]
[-5.83027064],[11.90842822],[31.78421951],[1.]
[-5.99859612],[12.66057651],[32.42135332],[1.]
[-6.7128636],[12.27525162],[31.83710448],[1.]
[-7.6490879],[11.93674446],[31.74278078],[1.]
[-8.02002],[11.34992959],[31.02301854],[1.]
[-8.76355409],[10.94793002],[30.48864657],[1.]
[-9.2877407],[10.11010098],[30.33609859],[1.]
[-10.21949227],[9.74728928],[30.32172158],[1.]
[-10.8907869],[9.09441831],[30.67261045],[1.]
[-11.80131603],[9.4900295],[30.79272911],[1.]
[-12.627741],[9.99664663],[30.54704464],[1.]
[-13.53623978],[9.586703],[30.62813825],[1.]
[-14.38105083],[9.08340091],[30.80974582],[1.]
[-15.32921293],[9.09595994],[30.49220701],[1.]
[-16.22696786],[8.92394242],[30.89772652],[1.]
[-17.17776626],[8.78377151],[31.17401351],[1.]
[-18.06128873],[8.34875879],[31.00037025],[1.]
[-19.02455362],[8.35632616],[31.26881669],[1.]
[-20.02150369],[8.27838113],[31.27270777],[1.]
[-20.8456502],[7.71501455],[31.33102268],[1.]
[-21.787614],[7.73662318],[31.66604097],[1.]
[-22.4615167],[7.95845218],[32.37077287],[1.]
[-23.44921974],[8.01248621],[32.51748014],[1.]
[-24.37824383],[7.6432542],[32.54160411],[1.]
[-25.14390672],[7.13034638],[32.15342128],[1.]
[-25.21512551],[6.37890731],[32.80936884],[1.]
[-25.73978908],[6.10304131],[32.00399558],[1.]
[-25.64814845],[7.07031364],[32.24060968],[1.]
[-24.92554077],[7.11753734],[32.9302531],[1.]
[-25.89508033],[6.9191825],[32.78655757],[1.]
[-26.44594112],[6.89510133],[31.95230792],[1.]
[-27.35962246],[6.76310966],[31.5679063],[1.]
[-27.97961469],[6.7718444],[30.78334697],[1.]
[-28.94355557],[6.51799618],[30.86321599],[1.]
[-28.0363149],[6.74427581],[31.21777473],[1.]
[-27.4969112],[7.07885479],[31.99049755],[1.]
[-26.62765106],[7.47760024],[31.69828382],[1.]
[-26.37537981],[7.85234247],[32.59043149],[1.]
[-25.38317128],[7.94183211],[32.67711384],[1.]
[-24.89810894],[8.81408931],[32.73941878],[1.]
[-23.91165021],[8.96738069],[32.68110125],[1.]
[-23.73729547],[8.44352173],[33.51487114],[1.]
[-24.64881498],[8.50698807],[33.92120131],[1.]
[-25.6369754],[8.51593119],[33.76803798],[1.]
[-26.63347249],[8.5276119],[33.68523033],[1.]
[-27.60670655],[8.48189813],[33.91045405],[1.]
[-28.59985696],[8.39261401],[33.83508429],[1.]
[-28.10610742],[9.22555788],[33.58525255],[1.]
[-28.34787112],[10.05085845],[33.07492983],[1.]
[-27.78830298],[10.53252678],[32.40048256],[1.]
[-27.22515433],[11.28846263],[32.06667934],[1.]
[-27.42308056],[11.72211978],[31.18760785],[1.]
[-28.05706374],[11.07584505],[30.76287934],[1.]
[-28.71240288],[10.32390762],[30.83443853],[1.]
[-29.69105324],[10.14085077],[30.92789257],[1.]
[-30.29940916],[9.35027024],[30.997789],[1.]
[-30.98464721],[8.62680468],[31.08173181],[1.]
[-30.92365334],[8.43757943],[30.10169429],[1.]
[-30.5542768],[8.00899398],[29.27714866],[1.]
[-31.0040214],[7.28224545],[29.79634647],[1.]
[-30.52877899],[8.09011543],[30.14490171],[1.]
[-30.12847162],[8.39534856],[29.28084919],[1.]
[-30.62837676],[7.54094866],[29.4226083],[1.]
[-31.09915305],[6.85076385],[28.87304972],[1.]
[-31.58748994],[6.66283923],[29.72523011],[1.]
[-30.86951955],[7.33509972],[29.54471874],[1.]
[-30.8350321],[6.47853011],[30.05959651],[1.]
[-31.68762402],[6.01963223],[30.309596],[1.]
[-31.788962],[5.02919488],[30.4032147],[1.]
[-32.36370435],[4.2553564],[30.13704701],[1.]
[-32.53657353],[3.35623005],[30.53915155],[1.]
[-32.89683574],[2.61794091],[31.10936228],[1.]
[-32.43553494],[1.77718825],[30.8259253],[1.]
[-31.68353492],[1.16799839],[30.57416411],[1.]
[-31.97907161],[2.09189117],[30.8172283],[1.]
[-32.0997404],[1.12131731],[31.02561602],[1.]
[-31.93438251],[0.16884246],[31.28144489],[1.]
[-32.7680701],[-0.33818434],[31.50028007],[1.]
[-32.42107089],[-1.25921456],[31.67718372],[1.]
[-32.8470144],[-1.82898289],[32.37998965],[1.]
[-32.95335435],[-2.81049056],[32.53915782],[1.]
[-33.20471375],[-3.64011907],[33.03769066],[1.]
[-33.38349683],[-4.56939629],[33.36092505],[1.]
[-33.00183494],[-5.48957098],[33.44817605],[1.]
[-32.31528985],[-6.20792643],[33.33583158],[1.]
[-32.82736352],[-6.92930875],[32.86958261],[1.]
[-32.77139293],[-6.08938934],[33.40939988],[1.]
[-32.91470371],[-5.42404528],[34.14205211],[1.]
[-32.39691963],[-4.60017599],[34.37257121],[1.]
[-31.58306256],[-4.07731951],[34.62606238],[1.]
[-32.1624532],[-3.62688292],[35.30533653],[1.]
[-31.31342899],[-3.70440424],[35.82797249],[1.]
[-31.10374767],[-2.93573959],[35.2236643],[1.]
[-31.55476921],[-2.04334458],[35.2091482],[1.]
[-31.39506752],[-1.22805685],[35.76574615],[1.]
[-31.65672355],[-2.14729463],[36.05991961],[1.]
[-31.81349669],[-3.10108692],[35.80359474],[1.]
[-31.86619316],[-4.09044799],[35.66799327],[1.]
[-32.18919034],[-5.01045651],[35.44605374],[1.]
[-31.51630288],[-5.55909633],[35.94225614],[1.]
[-31.17471425],[-6.10834385],[35.17960002],[1.]
[-31.87943053],[-6.70521159],[35.5631673],[1.]
[-31.89709534],[-7.70343676],[35.50629494],[1.]
[-32.32898372],[-8.45148739],[35.0024173],[1.]
[-32.65039779],[-9.28206544],[34.54762822],[1.]
[-31.71086863],[-9.57845967],[34.71919578],[1.]
[-31.8129548],[-10.32984063],[34.06727165],[1.]
[-31.8877618],[-11.21786137],[33.61359437],[1.]
[-32.21778516],[-12.13219277],[33.37889736],[1.]
[-31.80338816],[-13.03282341],[33.24797921],[1.]
[-32.417842],[-13.62748659],[32.72949857],[1.]
[-32.04128335],[-14.55088301],[32.65504972],[1.]
[-32.50044867],[-15.40465524],[32.40961097],[1.]
[-32.05670842],[-16.29311915],[32.2924509],[1.]
[-32.69368049],[-17.03787315],[32.09343318],[1.]
[-32.18914413],[-17.87431642],[31.87941052],[1.]
[-32.29395595],[-18.85321187],[31.7039734],[1.]
[-31.77330884],[-19.66993465],[31.95275139],[1.]
[-32.69650544],[-20.03660355],[32.06791196],[1.]
[-32.17593227],[-19.80783717],[32.8905112],[1.]
[-32.46172733],[-19.39075716],[32.02774504],[1.]
[-32.84771735],[-20.01358904],[31.3472363],[1.]
[-33.48622489],[-20.51198521],[30.76079843],[1.]
[-34.04014274],[-21.03312394],[30.11149924],[1.]
[-34.3221897],[-21.61326681],[29.34737636],[1.]
[-34.23618119],[-22.27321689],[28.6010062],[1.]
[-34.57436019],[-23.11794727],[28.18619834],[1.]
[-33.72495188],[-23.38521272],[27.73114371],[1.]
[-33.79998799],[-24.159441],[27.10270106],[1.]
[-34.01192543],[-24.65034116],[26.25765695],[1.]
[-33.87416744],[-25.42146736],[25.6360565],[1.]
[-33.84069124],[-26.1446207],[24.94618073],[1.]
[-32.91841],[-26.47384497],[24.74367468],[1.]
[-33.62271087],[-27.18102412],[24.80578688],[1.]
[-33.47093954],[-27.67541425],[23.94989911],[1.]
[-32.79691213],[-28.22233693],[23.45334839],[1.]
[-32.39374174],[-28.94151253],[22.88745079],[1.]
[-32.00498367],[-29.44567136],[22.11628866],[1.]
[-31.9041872],[-30.11465666],[21.3798793],[1.]
[-32.00925493],[-30.9525083],[20.84418778],[1.]
[-32.38568775],[-31.69332895],[20.28787573],[1.]
[-31.67166013],[-32.12562962],[19.73716648],[1.]
[-30.84324174],[-32.62386965],[19.48127617],[1.]
[-30.65228344],[-33.31874209],[18.78796007],[1.]
[-31.07870713],[-34.20909373],[18.94744926],[1.]
[-31.61801268],[-34.74500338],[19.59702633],[1.]
[-32.07878466],[-34.33219897],[20.38269909],[1.]
[-32.66240413],[-34.12616478],[21.16815325],[1.]
[-33.55756047],[-33.83825235],[21.50844952],[1.]
[-33.71483718],[-33.35452672],[22.36942197],[1.]
[-34.02792854],[-32.60980835],[22.95880159],[1.]
[-33.92490589],[-31.61963056],[22.86428026],[1.]
[-33.2625824],[-31.55836251],[22.1175716],[1.]
[-32.77739906],[-31.23069037],[21.30687554],[1.]
[-32.19512964],[-31.21490049],[20.494033],[1.]
[-31.55334794],[-31.18273474],[19.72782049],[1.]
[-31.24924952],[-32.0663272],[19.37174674],[1.]
[-31.96187103],[-31.5223735],[19.81478731],[1.]
[-31.73454712],[-30.79529367],[20.46261349],[1.]
[-32.25076114],[-30.08867934],[20.94657555],[1.]
[-32.33140069],[-29.29390979],[20.34504532],[1.]
[-32.85411454],[-28.89451239],[19.59188402],[1.]
[-32.65570706],[-28.22618652],[20.30880453],[1.]
[-32.78988046],[-27.78979237],[21.19849978],[1.]
[-33.20059307],[-27.8591357],[22.1076239],[1.]
[-33.91651977],[-28.32931898],[22.62374079],[1.]
[-33.71248657],[-27.47791475],[23.10693982],[1.]
[-33.90234054],[-26.89014209],[23.89337403],[1.]
[-33.64687848],[-25.92424858],[23.93566889],[1.]
[-33.3353244],[-26.76550507],[23.49383004],[1.]
[-33.11657866],[-27.22677432],[22.63395738],[1.]
[-32.77132063],[-26.28838142],[22.6486424],[1.]
[-32.88701391],[-26.95281788],[21.91030694],[1.]
[-32.41610176],[-27.56690619],[21.27695294],[1.]
[-32.17708606],[-27.90491944],[20.36666807],[1.]
[-32.88226476],[-28.55416571],[20.08170793],[1.]
[-33.21965223],[-28.81763589],[19.17796396],[1.]
[-33.59232562],[-29.67130053],[18.8141354],[1.]
[-33.13186408],[-29.08379337],[19.47957548],[1.]
[-33.67085913],[-28.46586316],[20.0519797],[1.]
[-33.90088315],[-29.30093358],[19.55223341],[1.]
[-33.73419458],[-30.14913069],[19.0494645],[1.]
[-33.97622273],[-31.08243805],[18.78421037],[1.]
[-33.95013613],[-32.0819578],[18.80093636],[1.]
[-34.89521436],[-32.12876514],[18.47746114],[1.]
[-34.40767372],[-31.29254329],[18.72853314],[1.]
[-34.40441634],[-30.32361463],[18.48121424],[1.]
[-33.99547208],[-29.60587155],[19.04478274],[1.]
[-33.45830409],[-28.81398156],[19.33523207],[1.]
[-33.46117495],[-27.86182018],[19.64081422],[1.]
[-33.43748103],[-26.89650583],[19.9008273],[1.]
[-33.05000712],[-26.11971763],[19.40437581],[1.]
[-32.5640654],[-25.37648545],[18.94452088],[1.]
[-32.16787479],[-25.00361186],[18.10547482],[1.]
[-31.44476992],[-25.037099],[17.41554876],[1.]
[-31.1651955],[-24.3462567],[16.74878415],[1.]
[-30.41350894],[-24.55713893],[16.12388736],[1.]
[-31.11026038],[-24.79748948],[16.79973427],[1.]
[-31.3515407],[-24.34867237],[17.66016847],[1.]
[-31.15452464],[-25.04736659],[18.34792647],[1.]
[-30.29477277],[-24.63912851],[18.04105779],[1.]
[-29.58734421],[-24.6082928],[18.74716967],[1.]
[-29.27687493],[-25.28127833],[18.07582825],[1.]
[-29.90458789],[-25.20243411],[18.85027001],[1.]
[-30.81571218],[-25.42797231],[19.19521208],[1.]
[-31.65013101],[-25.50601418],[19.74078947],[1.]
[-31.70997783],[-26.37697485],[20.22848391],[1.]
[-32.41104997],[-25.66976818],[20.13706968],[1.]
[-32.37482216],[-24.70351447],[19.88203768],[1.]
[-31.7827328],[-25.47751308],[19.65763548],[1.]
[-30.84653964],[-25.56961314],[19.3184306],[1.]
[-30.01974941],[-25.04087096],[19.51039315],[1.]
[-30.92995005],[-25.14294726],[19.91178475],[1.]
[-31.62479916],[-25.56034471],[19.3261534],[1.]
[-31.80872632],[-25.82456769],[18.37939207],[1.]
[-32.78798634],[-26.01922201],[18.43560159],[1.]
[-33.63422994],[-26.07680068],[18.96527741],[1.]
[-34.48246837],[-26.27202885],[19.45759592],[1.]
[-34.17293519],[-26.72626042],[20.29297781],[1.]
[-33.48136707],[-27.24572967],[20.7948595],[1.]
[-32.74886971],[-26.57326352],[20.90086372],[1.]
[-32.28781846],[-25.71190072],[21.11413788],[1.]
[-32.98920709],[-25.41196884],[20.46753533],[1.]
[-33.50570697],[-24.97328257],[19.73215636],[1.]
[-34.33961561],[-24.68718009],[19.26020112],[1.]
[-35.08051292],[-24.25946226],[18.74238972],[1.]
[-35.41649512],[-23.52889414],[18.14792678],[1.]
[-36.06136753],[-24.07022986],[18.68745919],[1.]
[-35.07971351],[-24.00298942],[18.86588037],[1.]
[-34.12462588],[-24.17811671],[19.10491601],[1.]
[-34.04172244],[-23.79125078],[20.02331776],[1.]
[-33.19582064],[-23.40925204],[20.39551007],[1.]
[-32.55065753],[-23.29945712],[21.1516249],[1.]
[-33.18269121],[-23.67438616],[21.82982961],[1.]
[-32.42726095],[-23.60610235],[22.48149091],[1.]
[-31.71947212],[-24.21457974],[22.84036447],[1.]
[-31.36530151],[-24.30482282],[23.77118098],[1.]
[-31.52461511],[-24.43878801],[24.74927735],[1.]
[-31.02157985],[-24.69817414],[25.573701],[1.]
[-30.35839061],[-24.04452379],[25.93828466],[1.]
[-30.34882983],[-25.00755043],[25.66904816],[1.]
[-30.85926252],[-24.32107704],[25.15115555],[1.]
[-31.35431573],[-23.8614383],[24.41382622],[1.]
[-31.40149657],[-24.30424011],[23.51844891],[1.]
[-30.46320279],[-24.64837926],[23.55269849],[1.]
[-29.76881534],[-25.20027746],[24.01447166],[1.]
[-29.73921262],[-25.77493961],[23.19661648],[1.]
[-29.13158712],[-26.55424118],[23.04338364],[1.]
[-29.65611788],[-27.28840653],[22.61225868],[1.]
[-29.69072591],[-27.96485666],[21.87658382],[1.]
[-29.82313484],[-28.90587457],[21.56521079],[1.]
[-30.16293681],[-29.8461978],[21.5832898],[1.]
[-29.73910093],[-30.6668569],[21.2000382],[1.]
[-29.74725633],[-31.52086128],[20.67983631],[1.]
[-29.70063029],[-32.51977129],[20.68202701],[1.]
[-29.29651033],[-33.19917961],[20.06957996],[1.]
[-29.26333851],[-34.17267656],[19.84329842],[1.]
[-29.23597033],[-34.92350562],[19.18336911],[1.]
[-28.60842376],[-35.58995128],[19.58590541],[1.]
[-28.28798897],[-36.49612776],[19.30992403],[1.]
[-28.35130353],[-37.48915508],[19.21048552],[1.]
[-28.08176242],[-38.43449061],[19.02694175],[1.]
[-27.80408409],[-39.34460401],[18.71938955],[1.]
[-27.30366207],[-40.18085434],[18.49519501],[1.]
[-26.64601564],[-40.93364135],[18.52370618],[1.]
[-25.71259644],[-41.08077764],[18.19647613],[1.]
[-25.34944993],[-41.9793865],[18.44270111],[1.]
[-25.05848352],[-42.54006158],[19.2179314],[1.]
[-24.90878469],[-42.26527946],[18.26814982],[1.]
[-24.7859172],[-42.77516801],[17.4167291],[1.]
[-24.62453858],[-43.41455643],[16.66497156],[1.]
[-23.85461061],[-43.82550153],[16.17677586],[1.]
[-23.82064201],[-43.04571151],[16.80189479],[1.]
[-24.52962098],[-42.36534849],[16.98751531],[1.]
[-24.76275809],[-41.957146],[17.87013517],[1.]
[-24.93613162],[-41.15150794],[18.43660576],[1.]
[-23.98854858],[-41.01354393],[18.72479376],[1.]
[-24.88452437],[-40.89268961],[18.29745125],[1.]
[-25.33318399],[-40.03763044],[18.03749287],[1.]
[-25.88054168],[-39.91530115],[17.20958279],[1.]
[-26.58289947],[-39.69776466],[16.53181335],[1.]
[-26.77801435],[-39.46749767],[15.57844706],[1.]
[-26.8419036],[-39.68918271],[14.60542398],[1.]
[-27.24822955],[-38.8188831],[14.3270756],[1.]
[-27.45988852],[-39.26825522],[15.1949841],[1.]
[-27.62065443],[-38.8768235],[16.10103903],[1.]
[-26.65254126],[-39.08171787],[16.24517506],[1.]
[-26.95376885],[-38.97781859],[17.19304999],[1.]
[-27.47184751],[-38.13568855],[17.34275466],[1.]
[-27.55219326],[-37.93390993],[18.31888475],[1.]
[-27.7144055],[-37.04260273],[18.74227425],[1.]
[-27.60784923],[-36.4156319],[19.51399527],[1.]
[-27.49920731],[-35.62936907],[20.12226141],[1.]
[-27.70094505],[-34.78198714],[20.61342916],[1.]
[-27.64717742],[-34.31602317],[21.49659767],[1.]
[-27.16086964],[-33.55342443],[21.07004414],[1.]
[-27.38594829],[-34.35192953],[20.51171698],[1.]
[-26.68003596],[-34.899324],[20.06222052],[1.]
[-27.56656843],[-35.31948713],[20.2559294],[1.]
[-28.42200891],[-35.75327495],[20.53885998],[1.]
[-28.90279415],[-35.29704153],[21.28765676],[1.]
[-29.69627936],[-35.76326769],[21.67882729],[1.]
[-30.65387851],[-36.0381126],[21.59243198],[1.]
[-31.26954123],[-35.89982598],[22.36821303],[1.]
[-32.18918081],[-36.291555],[22.39669823],[1.]
[-32.58067134],[-36.29533128],[23.31687262],[1.]
[-31.7821684],[-35.83764451],[23.70791721],[1.]
[-30.91341853],[-35.34275565],[23.68897833],[1.]
[-29.94243091],[-35.10437696],[23.70791589],[1.]
[-28.99597299],[-34.79751542],[23.80818261],[1.]
[-28.76714511],[-34.71787711],[22.83797874],[1.]
[-27.8287002],[-34.42296416],[23.01783287],[1.]
[-27.1296055],[-34.37889004],[23.7315023],[1.]
[-26.20685131],[-34.00264917],[23.64803069],[1.]
[-25.74102861],[-34.05400543],[22.76464417],[1.]
[-26.49140638],[-33.6897088],[23.31620665],[1.]
[-27.31329891],[-33.67621622],[23.88568942],[1.]
[-28.16531517],[-33.80003567],[24.39435141],[1.]
[-29.11630696],[-33.78708211],[24.70329612],[1.]
[-29.97466993],[-33.70500455],[25.209731],[1.]
[-29.7980209],[-33.98143171],[26.15439134],[1.]
[-28.79890563],[-33.93945723],[26.15177965],[1.]
[-28.35073406],[-34.6422633],[26.70423406],[1.]
[-27.52281227],[-34.49101459],[26.16416986],[1.]
[-26.55756366],[-34.73268181],[26.06471102],[1.]
[-26.08772227],[-35.61164606],[26.1463866],[1.]
[-25.66684651],[-36.48463881],[25.89991698],[1.]
[-25.17521623],[-37.34952359],[25.79855631],[1.]
[-24.23283976],[-37.31218051],[25.46609267],[1.]
[-23.38517445],[-37.40884294],[24.94444154],[1.]
[-22.72674621],[-37.80594645],[24.30508165],[1.]
[-22.07822915],[-38.53443336],[24.08432741],[1.]
[-21.21655467],[-38.51010982],[23.57744927],[1.]
[-20.49006762],[-39.07286273],[23.18308177],[1.]
[-19.9797067],[-39.65874038],[22.55357474],[1.]
[-19.18629104],[-40.03507824],[22.07518011],[1.]
[-18.21694004],[-39.79720727],[22.01373077],[1.]
[-17.5272478],[-40.10019172],[22.67139712],[1.]
[-16.84239444],[-39.57316992],[23.1746107],[1.]
[-16.36055981],[-39.86037334],[24.00246914],[1.]
[-16.264313],[-38.90428352],[24.27928823],[1.]
[-15.54157113],[-38.61131983],[24.90524069],[1.]
[-15.22573631],[-39.49641486],[25.24708151],[1.]
[-15.16213891],[-40.44269965],[24.93006343],[1.]
[-15.72901635],[-41.20225731],[25.24900251],[1.]
[-16.66350752],[-41.53834579],[25.13165348],[1.]
[-15.79685201],[-41.73068147],[24.67131099],[1.]
[-15.36123334],[-42.2020559],[23.90447168],[1.]
[-15.50889698],[-43.03374765],[23.36922942],[1.]
[-15.38125467],[-42.18099497],[22.86275109],[1.]
[-15.54579047],[-42.82771078],[22.11797822],[1.]
[-15.52638704],[-43.50788179],[21.38518158],[1.]
[-15.38398094],[-43.98185056],[20.51623158],[1.]
[-15.84425837],[-44.75493207],[20.07978036],[1.]
[-15.62067798],[-44.50824752],[19.13682833],[1.]
[-15.28750899],[-45.3727937],[19.5130707],[1.]
[-14.7813024],[-46.15894458],[19.86764324],[1.]
[-14.12493927],[-46.10384674],[20.62007375],[1.]
[-13.96053958],[-47.0766888],[20.45712875],[1.]
[-14.4501056],[-47.91034921],[20.7127367],[1.]
[-13.93394031],[-48.76293058],[20.63101523],[1.]
[-14.60941097],[-48.65953461],[21.36111705],[1.]
[-13.93211182],[-49.18092782],[20.84206504],[1.]
[-14.34145618],[-49.9090651],[20.29228936],[1.]
[-14.49305692],[-50.35068036],[19.40798558],[1.]
[-13.56009878],[-50.0652729],[19.18859626],[1.]
[-13.23498699],[-50.49037734],[18.34385456],[1.]
[-12.59658748],[-50.66106273],[17.59331305],[1.]
[-12.50993444],[-50.97852089],[16.64900824],[1.]
[-12.35818878],[-51.39115157],[15.75083834],[1.]
[-11.66632695],[-51.6782894],[15.08835884],[1.]
[-11.66874249],[-52.28502839],[14.29346139],[1.]
[-11.31746325],[-52.61317881],[13.41658044],[1.]
[-12.08087002],[-53.03738559],[12.92948834],[1.]
[-11.2066771],[-52.63110491],[13.19542583],[1.]
[-11.292548],[-53.19022083],[12.37079526],[1.]
[-11.60239315],[-53.92061078],[11.76208638],[1.]
[-12.47665751],[-54.40236315],[11.70228252],[1.]
[-11.82626835],[-55.01539524],[11.25374535],[1.]
[-11.44380359],[-55.06990413],[10.33138452],[1.]
[-11.0042179],[-55.31197731],[9.4664192],[1.]
[-11.11389883],[-56.00333977],[8.75228474],[1.]
[-10.13910644],[-56.03479181],[8.53139886],[1.]
[-9.31920421],[-55.99285067],[9.10236408],[1.]
[-8.47141514],[-55.78171603],[9.5888575],[1.]
[-7.90035484],[-56.09012343],[8.82808487],[1.]
[-7.10521729],[-56.3974247],[8.3052826],[1.]
[-6.28156329],[-56.00971037],[7.89143276],[1.]
[-6.00829691],[-55.13430314],[8.29016533],[1.]
[-5.47672838],[-54.43766958],[8.77197089],[1.]
[-5.26918097],[-53.46111],[8.82902748],[1.]
[-4.96592888],[-52.66459013],[8.3059651],[1.]
[-4.71950576],[-51.71643109],[8.10529103],[1.]
[-4.373884],[-50.77996712],[8.16513106],[1.]
[-4.2598061],[-49.91098762],[7.68361172],[1.]
[-4.59625505],[-49.02006499],[7.37855604],[1.]
[-4.29849727],[-48.07048287],[7.47670946],[1.]
[-3.80222686],[-47.39960224],[6.92567873],[1.]
[-2.89326876],[-47.17173237],[6.57657917],[1.]
[-3.40034165],[-47.34878133],[5.73305635],[1.]
[-3.81887368],[-48.21922828],[5.47391729],[1.]
[-3.50900168],[-49.16327897],[5.36101185],[1.]
[-3.66522312],[-49.77779754],[4.58773196],[1.]
[-4.21254597],[-50.29560794],[3.93022905],[1.]
[-3.46617534],[-50.87700477],[3.60633307],[1.]
[-3.9369645],[-51.37576267],[2.87859814],[1.]
[-3.14904063],[-51.92119465],[2.59280114],[1.]
[-2.26203935],[-52.19245564],[2.21910848],[1.]
[-1.48148133],[-52.62460206],[1.76746853],[1.]
[-0.75303079],[-53.26781337],[1.53158927],[1.]
[0.0295164],[-53.82436477],[1.25253651],[1.]
[0.83041166],[-54.35787212],[0.9806235],[1.]
[0.94027857],[-55.33250095],[1.17563098],[1.]
[0.05731797],[-55.62799092],[1.54041345],[1.]
[-0.02568254],[-56.43944964],[2.11889911],[1.]
[0.47488788],[-56.33224228],[1.25986719],[1.]
[1.27654803],[-56.1306523],[0.69710393],[1.]
[2.14625791],[-55.75215077],[1.01387089],[1.]
[2.89857758],[-56.21720283],[1.48049889],[1.]
[3.83220622],[-56.34832016],[1.81388426],[1.]
[3.54759905],[-57.29449084],[1.65974213],[1.]
[2.83646413],[-57.33155761],[0.95766438],[1.]
[2.00554288],[-56.82456634],[0.72847072],[1.]
[1.54995518],[-57.71388195],[0.68900449],[1.]
[2.30446855],[-58.09054474],[0.15157104],[1.]
[1.92228016],[-57.19778557],[0.39013572],[1.]
[1.69079042],[-56.35887043],[0.88271452],[1.]
[2.52417985],[-56.14798947],[1.39358757],[1.]
[3.49217331],[-55.89902438],[1.42529013],[1.]
[4.38976452],[-56.22437012],[1.12783397],[1.]
[4.93582638],[-56.64919679],[0.40579606],[1.]
[5.74302165],[-57.23946619],[0.40157327],[1.]
[5.10229652],[-57.91867519],[0.04359779],[1.]
[5.77990216],[-57.58366675],[0.69828851],[1.]
[6.6973015],[-57.59078383],[1.09619276],[1.]
[6.47590838],[-58.16349816],[0.3068998],[1.]
[5.6216627],[-58.6833343],[0.30100917],[1.]
[5.50341311],[-59.40763222],[-0.37826218],[1.]
[5.53866253],[-60.15966583],[-1.03644371],[1.]
[6.46139114],[-59.89289181],[-0.75822879],[1.]
[7.29326431],[-59.34385701],[-0.67731024],[1.]
[7.55857689],[-58.55147934],[-0.12799533],[1.]
[8.09909264],[-57.93356687],[0.44299233],[1.]
[8.38159998],[-56.97916194],[0.53943316],[1.]
[9.0167981],[-56.20735499],[0.56837069],[1.]
[9.83143383],[-56.15681342],[1.14613723],[1.]
[9.18534832],[-56.31459185],[1.89291663],[1.]
[9.86422225],[-56.82966746],[1.36963152],[1.]
[10.19971252],[-56.21561031],[0.65522261],[1.]
[9.6014776],[-55.4281441],[0.80358692],[1.]
[9.27575084],[-54.48994207],[0.92054427],[1.]
[8.28750249],[-54.33776856],[0.90610704],[1.]
[8.74416063],[-53.54051639],[1.30088841],[1.]
[8.45646026],[-52.96157019],[2.06381029],[1.]
[9.09490653],[-52.62400887],[1.37211764],[1.]
[10.06046211],[-52.58037998],[1.62863069],[1.]
[10.86013672],[-53.01517432],[1.21453602],[1.]
[11.7971439],[-53.21932791],[1.49797712],[1.]
[12.37437275],[-53.85939007],[0.99089992],[1.]
[13.05529072],[-54.38695061],[0.48293281],[1.]
[12.9808573],[-54.69799224],[-0.46454424],[1.]
[13.51256743],[-55.48189698],[-0.78513387],[1.]
[14.13298669],[-56.11063402],[-1.25392984],[1.]
[14.84614215],[-56.42770923],[-1.87912788],[1.]
[15.83379519],[-56.3349427],[-2.00536517],[1.]
[16.78197442],[-56.55969844],[-2.2299559],[1.]
[17.47259746],[-56.3995564],[-1.52469399],[1.]
[18.29586717],[-56.79922375],[-1.92779818],[1.]
[18.97179867],[-57.31898299],[-2.45026057],[1.]
[19.62072154],[-57.81773881],[-3.02484018],[1.]
[20.01205195],[-58.45319962],[-3.69046025],[1.]
[20.35550705],[-59.37368718],[-3.50407023],[1.]
[21.07386826],[-59.83810937],[-2.98612312],[1.]
[20.44897088],[-59.73743994],[-3.76031232],[1.]
[20.5623375],[-59.94776639],[-2.78927639],[1.]
[20.07309252],[-59.40830335],[-2.10398887],[1.]
[19.56487525],[-58.95299024],[-1.37295865],[1.]
[18.78908839],[-58.44819097],[-0.99436594],[1.]
[18.5583764],[-58.21435076],[-0.04986039],[1.]
[17.81390206],[-57.62476318],[0.26341974],[1.]
[17.33985263],[-57.03459138],[0.91685251],[1.]
[18.01099176],[-56.78937783],[1.61645425],[1.]
[17.71321982],[-56.06317707],[2.2361028],[1.]
[17.66635084],[-56.29241408],[3.20834438],[1.]
[16.84375603],[-55.83376126],[3.54446247],[1.]
[15.87130056],[-55.99514381],[3.37627796],[1.]
[15.29595555],[-55.93113576],[4.19168037],[1.]
[15.23940637],[-55.40935432],[5.04288324],[1.]
[15.05501451],[-54.98178051],[5.92785797],[1.]
[15.82455636],[-54.35125535],[6.02906743],[1.]
[15.27833908],[-53.67921021],[6.52906945],[1.]
[14.87236731],[-53.00068998],[7.14127629],[1.]
[15.16659071],[-52.11699644],[7.50530696],[1.]
[14.64452317],[-51.61682386],[8.19615634],[1.]
[14.04349919],[-50.95541881],[8.6448361],[1.]
[13.34342311],[-50.57773441],[9.25084598],[1.]
[12.7756854],[-49.92800565],[9.75634221],[1.]
[12.21182756],[-49.32648626],[10.32223863],[1.]
[12.32037234],[-48.7379798],[11.12341163],[1.]
[12.52964676],[-48.19570915],[11.93713563],[1.]
[12.82331371],[-47.41961499],[12.49520157],[1.]
[12.31090166],[-47.82850322],[13.25034679],[1.]
[12.84450784],[-48.45227126],[12.67922695],[1.]
[12.47218801],[-48.53545386],[11.75485766],[1.]
[12.37279288],[-49.52203369],[11.88439855],[1.]
[12.50463284],[-50.27686859],[11.24187033],[1.]
[12.59849786],[-49.72368076],[10.41411881],[1.]
[11.72014095],[-49.29534133],[10.20195265],[1.]
[11.78179912],[-49.83634305],[11.04071091],[1.]
[12.06437574],[-50.53932794],[11.69336908],[1.]
[11.78898325],[-50.79436859],[12.6202527],[1.]
[11.9336522],[-51.51096684],[13.30257069],[1.]
[12.48853883],[-52.26146636],[13.66152932],[1.]
[12.89199498],[-53.07422084],[13.24122788],[1.]
[12.88848692],[-52.08649955],[13.08504097],[1.]
[13.24475889],[-51.23576373],[13.47145895],[1.]
[13.17020927],[-50.54558021],[14.19124299],[1.]
[13.01811215],[-49.78061503],[14.81709819],[1.]
[12.91873497],[-48.92534358],[15.32565981],[1.]
[13.35649295],[-48.17147792],[15.8156134],[1.]
[12.88879616],[-47.28775991],[15.79822982],[1.]
[13.15922651],[-46.35876396],[15.54557602],[1.]
[12.72039419],[-45.53137007],[15.89606931],[1.]
[11.96834492],[-44.99097527],[16.27342239],[1.]
[11.24147457],[-45.33983483],[16.86499361],[1.]
[10.72251434],[-44.54525423],[17.18014747],[1.]
[10.98106883],[-43.62341456],[17.46887083],[1.]
[10.78098803],[-42.68576003],[17.75307439],[1.]
[10.094488],[-41.97470718],[17.90513211],[1.]
[9.91790198],[-41.66953144],[16.9693516],[1.]
[9.74527433],[-41.37450202],[17.90911611],[1.]
[9.07131051],[-40.65865679],[18.09170413],[1.]
[8.38719899],[-39.95338729],[18.27767824],[1.]
[7.87905984],[-40.61611299],[18.82775937],[1.]
[8.6882457],[-41.1223943],[18.52960258],[1.]
[9.50639256],[-41.69738046],[18.52444255],[1.]
[9.99849408],[-42.40741846],[18.02077387],[1.]
[9.69912944],[-43.35593309],[18.12421864],[1.]
[8.75543937],[-43.62017377],[18.32328121],[1.]
[8.51797036],[-42.64896234],[18.30439107],[1.]
[8.41558186],[-41.65817949],[18.21570095],[1.]
[8.29622083],[-40.98240041],[18.94307677],[1.]
[8.9517506],[-40.47804718],[18.38101934],[1.]
[8.27157385],[-39.86187451],[18.77812237],[1.]
[7.27601036],[-39.802494],[18.85111073],[1.]
[7.66344828],[-39.91869695],[19.76565364],[1.]
[8.12424358],[-39.23761175],[20.33467969],[1.]
[8.75463951],[-38.47628557],[20.18307683],[1.]
[8.95833867],[-39.3009799],[20.71069972],[1.]
[9.59370753],[-39.96303484],[21.10817886],[1.]
[10.05587643],[-40.44467935],[20.36358604],[1.]
[9.90852426],[-41.006904],[21.1773371],[1.]
[10.59960113],[-41.34092096],[20.53636485],[1.]
[10.25726529],[-40.4015089],[20.51872574],[1.]
[9.50447253],[-39.74695537],[20.44899234],[1.]
[8.92063699],[-39.17807474],[19.86975932],[1.]
[8.2574562],[-39.30481969],[19.13210971],[1.]
[8.73272788],[-40.02908616],[19.63166442],[1.]
[9.29873057],[-39.21372301],[19.75341777],[1.]
[10.23972748],[-38.87537266],[19.76004023],[1.]
[11.01844358],[-39.44329912],[20.02661247],[1.]
[10.14413639],[-39.91758837],[19.92347839],[1.]
[9.46449226],[-40.58845622],[19.62679641],[1.]
[8.63018757],[-41.12477162],[19.49911923],[1.]
[7.80976368],[-41.63950839],[19.25022026],[1.]
[7.1434025],[-42.35736162],[19.04860299],[1.]
[6.24511366],[-42.5788672],[18.6691133],[1.]
[6.22744972],[-43.55491981],[18.45229702],[1.]
[5.76385473],[-44.34075651],[18.86161398],[1.]
[5.73106248],[-45.14864642],[18.27319358],[1.]
[5.35449909],[-46.06671949],[18.14933133],[1.]
[4.72365449],[-46.64944636],[17.63701846],[1.]
[4.57208613],[-47.63725434],[17.60148764],[1.]
[4.47088501],[-48.631716],[17.57312672],[1.]
[3.97161958],[-49.45914308],[17.31603051],[1.]
[3.25072462],[-49.70297729],[16.66729687],[1.]
[2.57551188],[-49.04414741],[16.99900599],[1.]
[2.87861213],[-48.39620194],[17.69778844],[1.]
[3.67118541],[-47.99642631],[18.15823068],[1.]
[4.10945569],[-48.88693924],[18.03614101],[1.]
[3.91323434],[-49.86741347],[18.02320044],[1.]
[4.74822703],[-49.389038],[18.29512712],[1.]
[5.71764892],[-49.22923891],[18.48136741],[1.]
[6.60358879],[-49.66332837],[18.64469804],[1.]
[5.84975044],[-50.0709381],[18.1293515],[1.]
[5.19913289],[-50.82356115],[18.0280828],[1.]
[4.56188011],[-51.57779987],[17.8698651],[1.]
[4.64748859],[-52.3959009],[17.30119832],[1.]
[3.65005408],[-52.4471877],[17.3511389],[1.]
[2.95955038],[-53.17049068],[17.34501889],[1.]
[1.98041695],[-53.35090647],[17.25148888],[1.]
[1.18143209],[-53.47959293],[16.66406826],[1.]
[0.32404764],[-53.53234724],[17.17603396],[1.]
[-0.40767409],[-54.06651465],[17.59941145],[1.]
[-1.04962585],[-54.40320194],[18.2882798],[1.]
[-0.50220399],[-55.238204],[18.34396525],[1.]
[-0.17384394],[-56.08949671],[17.93472157],[1.]
[-0.39597422],[-56.75962916],[17.22649798],[1.]
[0.59208526],[-56.90540232],[17.17661171],[1.]
[1.38704238],[-57.34412746],[16.75760881],[1.]
[2.31594166],[-57.71054802],[16.81129397],[1.]
[2.6293579],[-57.91572123],[15.88410779],[1.]
[3.60709953],[-58.053575],[15.72593814],[1.]
[4.58072041],[-58.13575658],[15.51308006],[1.]
[4.63731212],[-58.68075669],[14.67655614],[1.]
[5.04156272],[-58.95970541],[15.54762966],[1.]
[4.31584141],[-59.2053937],[14.90500547],[1.]
[4.50878289],[-59.59186034],[14.00310907],[1.]
[4.6589487],[-59.25976106],[14.93432349],[1.]
[5.55932195],[-59.09521942],[15.3371312],[1.]
[5.95927968],[-59.11947806],[16.25334369],[1.]
[5.4818007],[-58.58392345],[16.94990315],[1.]
[5.98366284],[-58.10863225],[17.67255983],[1.]
[6.56144034],[-58.75131993],[17.16944383],[1.]
[6.65596718],[-58.05390495],[17.87985006],[1.]
[5.95904998],[-57.52393043],[18.36299955],[1.]
[5.17192431],[-57.68129599],[18.95937968],[1.]
[4.37514068],[-57.2357331],[19.36755801],[1.]
[4.40675014],[-57.88837439],[20.1245654],[1.]
[4.06347033],[-58.59085674],[19.50112532],[1.]
[3.55977726],[-59.01179594],[18.74673585],[1.]
[4.00011172],[-59.55098031],[18.02883212],[1.]
[4.1101909],[-60.3023627],[17.37821158],[1.]
[4.52051952],[-60.8588847],[16.65577564],[1.]
[4.77294041],[-61.50164322],[15.93248788],[1.]
[5.34555512],[-62.23494672],[15.56591133],[1.]
[5.03043049],[-63.18397762],[15.57198058],[1.]
[5.22296242],[-63.98508176],[15.00526759],[1.]
[5.57205797],[-64.6044129],[15.70851807],[1.]
[4.6305238],[-64.58489981],[15.37216609],[1.]
[4.4962459],[-63.59945731],[15.47643751],[1.]
[4.22585711],[-62.63714881],[15.50563104],[1.]
[4.22376659],[-63.58799603],[15.19597768],[1.]
[3.66994681],[-64.32868342],[14.81562806],[1.]
[3.2571288],[-65.23904578],[14.84429278],[1.]
[3.00319963],[-66.0918465],[14.38794762],[1.]
[3.8922162],[-66.52350095],[14.54066954],[1.]
[3.21076942],[-67.21036671],[14.28799244],[1.]
[2.30396092],[-67.52198316],[14.57188245],[1.]
[1.47335501],[-67.95977874],[14.22774754],[1.]
[0.63079546],[-68.3279625],[13.83463924],[1.]
[-0.25805917],[-68.77906725],[13.75437754],[1.]
[-1.10757875],[-69.23075338],[13.48180436],[1.]
[-2.05691561],[-69.54114702],[13.43265864],[1.]
[-2.71784522],[-69.12971309],[12.80504875],[1.]
[-2.58966396],[-68.96373473],[11.82728562],[1.]
[-1.67475452],[-68.56113386],[11.85649626],[1.]
[-1.31579984],[-67.62838867],[11.89022975],[1.]
[-0.87802343],[-68.04682877],[12.68600591],[1.]
[-0.49542586],[-67.38730315],[13.33303378],[1.]
[0.01014165],[-66.54979767],[13.54036458],[1.]
[0.6496482],[-66.71534301],[14.29111494],[1.]
[1.14110626],[-67.27415725],[14.9590937],[1.]
[2.12366709],[-67.44481449],[14.88526741],[1.]
[2.42999981],[-67.66828332],[13.95994479],[1.]
[2.61542038],[-68.03533862],[13.04841332],[1.]
[2.92715053],[-68.82832813],[12.52497092],[1.]
[3.46316726],[-68.68266329],[11.69342548],[1.]
[3.80074951],[-69.09626646],[10.84786611],[1.]
[3.65275175],[-70.04670505],[10.57443762],[1.]
[3.84211755],[-70.79971343],[9.94426384],[1.]
[3.96534116],[-71.45984509],[9.20329007],[1.]
[4.02978577],[-72.32319226],[8.70281174],[1.]
[3.98321748],[-72.31961463],[7.70390304],[1.]
[4.26747964],[-72.84322824],[6.90076929],[1.]
[3.8670679],[-73.66241356],[6.49015287],[1.]
[3.10563245],[-74.16424941],[6.90049034],[1.]
[2.31058119],[-74.73107383],[7.11636895],[1.]
[2.54019595],[-75.5032556],[6.52390597],[1.]
[2.02605184],[-76.35813573],[6.45436621],[1.]
[1.61767114],[-77.1563046],[6.89725633],[1.]
[2.23160708],[-77.92886041],[7.05924456],[1.]
[3.15892811],[-77.78323377],[7.40401779],[1.]
[3.33697608],[-76.79921575],[7.40128543],[1.]
[4.2205854],[-77.13914179],[7.72328676],[1.]
[4.54698125],[-76.44290045],[8.36259401],[1.]
[4.9657587],[-75.5395357],[8.45510113],[1.]
[5.90819802],[-75.84325133],[8.31522638],[1.]
[5.21819331],[-76.38118378],[7.83095147],[1.]
[4.76622707],[-75.49982814],[7.96856959],[1.]
[4.66239329],[-74.95527103],[8.80084124],[1.]
[4.95556686],[-74.61018518],[9.69244934],[1.]
[4.84512387],[-73.67592788],[10.03151517],[1.]
[4.02344312],[-73.21171767],[9.7008346],[1.]
[3.17151659],[-72.69956746],[9.59164052],[1.]
[2.50710478],[-72.11908162],[9.12090373],[1.]
[2.55250154],[-71.12102233],[9.16352735],[1.]
[2.36455965],[-70.13884562],[9.16612675],[1.]
[3.32532673],[-70.19833859],[8.89522604],[1.]
[3.8292423],[-70.31862524],[9.75056236],[1.]
[4.57715086],[-70.94822911],[9.54024891],[1.]
[4.79438412],[-71.50296478],[10.34341642],[1.]
[5.72511817],[-71.83068166],[10.1811334],[1.]
[5.93812689],[-70.9223138],[10.54098769],[1.]
[6.89428521],[-70.85387509],[10.25624674],[1.]
[7.84316627],[-70.53827043],[10.25195266],[1.]
[8.76521531],[-70.15910045],[10.17413441],[1.]
[9.57439309],[-69.63168113],[9.9151746],[1.]
[9.11184043],[-68.81850121],[9.56192757],[1.]
[9.31005801],[-68.89965101],[8.58513461],[1.]
[10.03181868],[-69.57887303],[8.7182472],[1.]
[10.74572398],[-70.26165154],[8.87365876],[1.]
[11.53357955],[-70.74247903],[9.25848146],[1.]
[12.51734874],[-70.59574509],[9.36176428],[1.]
[11.58205193],[-70.93358818],[9.25649357],[1.]
[10.64133117],[-71.26071507],[9.16686958],[1.]
[9.92408001],[-70.68229076],[8.77831316],[1.]
[9.12618154],[-71.20941795],[9.07070835],[1.]
[8.15251174],[-71.43671311],[9.05327147],[1.]
[7.45388757],[-72.11683668],[8.8311089],[1.]
[6.49916473],[-72.11279086],[9.12857811],[1.]
[5.50332127],[-72.17900073],[9.19112455],[1.]
[4.99601004],[-72.12252945],[8.33121392],[1.]
[4.19412292],[-72.68021653],[8.11682602],[1.]
[3.20374394],[-72.65432074],[8.25276307],[1.]
[2.57746606],[-73.41778115],[8.0949523],[1.]
[2.89614489],[-73.00722987],[8.94928916],[1.]
[3.87015812],[-72.9985275],[8.72296527],[1.]
[4.45654256],[-73.43034298],[8.0376269],[1.]
[4.52105411],[-73.42902782],[9.03554299],[1.]
[5.39756005],[-73.03583726],[9.31328119],[1.]
[6.22926829],[-72.79979093],[9.8158183],[1.]
[7.22626027],[-72.81034271],[9.73903519],[1.]
[8.15936214],[-72.71541214],[10.0858912],[1.]
[9.14261798],[-72.86805012],[9.98634426],[1.]
[9.94412222],[-73.03031399],[9.41079115],[1.]
[10.85695218],[-72.99592913],[9.00390154],[1.]
[11.78858296],[-72.72633142],[9.24758404],[1.]
[12.77078127],[-72.53963561],[9.22681979],[1.]
[13.45331798],[-72.02633116],[9.74707183],[1.]
[13.73644218],[-71.83407467],[10.68668778],[1.]
[12.80370673],[-71.47354024],[10.69110657],[1.]
[11.86073739],[-71.35970598],[10.3782958],[1.]
[11.10091161],[-71.06324501],[9.79969778],[1.]
[10.11519435],[-70.91731106],[9.71564562],[1.]
[9.17875603],[-70.96858943],[9.36858106],[1.]
[9.91469235],[-70.32953167],[9.59219435],[1.]
[10.43830239],[-69.48542513],[9.7075923],[1.]
[10.75333662],[-68.54933403],[9.86407513],[1.]
[11.31550307],[-67.78845313],[9.53999313],[1.]
[12.06392397],[-67.15810889],[9.74622674],[1.]
[12.22929162],[-66.68408686],[8.88138186],[1.]
[12.97040703],[-66.03010872],[9.03323886],[1.]
[13.65948209],[-65.31596906],[9.15644644],[1.]
[13.59803552],[-64.47433404],[9.69298611],[1.]
[13.12859124],[-65.30839154],[9.40321005],[1.]
[12.50905087],[-66.08690422],[9.30277233],[1.]
[12.04631792],[-66.96967601],[9.38396464],[1.]
[11.34325043],[-67.57827645],[9.75179832],[1.]
[10.96307234],[-68.48844898],[9.91626891],[1.]
[11.55848329],[-69.16064718],[9.4762287],[1.]
[11.50904103],[-70.0917954],[9.11495531],[1.]
[12.2009],[-70.81229298],[9.16201278],[1.]
[12.66697866],[-71.68359544],[9.00838107],[1.]
[12.98993571],[-72.40186844],[8.392116],[1.]
[13.32696726],[-73.29136894],[8.0835733],[1.]
[13.34856029],[-74.26957175],[7.87704725],[1.]
[13.86972278],[-74.81327992],[7.21919386],[1.]
[14.19850602],[-75.68239455],[7.58870887],[1.]
[14.92657293],[-75.7906156],[6.91179913],[1.]
[15.46978191],[-76.60550548],[6.70961485],[1.]
[16.01624569],[-77.39144831],[6.4203551],[1.]
[16.61502974],[-78.08255332],[6.01559402],[1.]
[16.83535581],[-79.05761591],[6.04222803],[1.]
[17.16595195],[-79.90610321],[5.62897812],[1.]
[18.12447443],[-80.10293496],[5.42284244],[1.]
[19.02226718],[-80.51349822],[5.58223502],[1.]
[19.46552168],[-81.40833402],[5.52937338],[1.]
[20.02429784],[-82.06244194],[5.0195577],[1.]
[20.84839948],[-82.62288846],[4.93736172],[1.]
[21.5084993],[-83.37300082],[4.8973657],[1.]
[21.8679798],[-84.30532178],[4.85797797],[1.]
[22.51249609],[-85.06739632],[4.9199549],[1.]
[23.27727712],[-85.48869756],[4.43249695],[1.]
[23.2453435],[-85.56833808],[3.43618494],[1.]
[22.45454964],[-85.10153913],[3.83209378],[1.]
[22.92080275],[-84.75591206],[4.64643398],[1.]
[22.28259853],[-84.23005388],[4.08414531],[1.]
[21.36710463],[-84.62176678],[3.99231978],[1.]
[22.08658788],[-85.17144907],[4.4168115],[1.]
[22.7108395],[-85.77138769],[3.91642808],[1.]
[23.01057941],[-85.60041188],[4.8550032],[1.]
[23.78352626],[-85.63835637],[5.48833833],[1.]
[24.2967838],[-86.02963678],[6.25218801],[1.]
[24.85853699],[-85.25530106],[6.54345689],[1.]
[25.65878613],[-84.72340467],[6.26653177],[1.]
[26.50975039],[-84.21219784],[6.38706153],[1.]
[26.69989145],[-84.02623879],[5.4230773],[1.]
[25.72694415],[-84.22621001],[5.30738349],[1.]
[24.96787326],[-84.84908777],[5.118083],[1.]
[24.20678384],[-85.44763052],[4.86810405],[1.]
[23.46628222],[-84.9980189],[5.36761055],[1.]
[23.69972746],[-84.13330122],[5.81232017],[1.]
[23.28245265],[-83.56506783],[5.10310049],[1.]
[24.05204361],[-82.95900483],[5.30414127],[1.]
[24.8759865],[-82.70551712],[5.81095692],[1.]
[25.15732152],[-82.29961207],[6.68049225],[1.]
[26.08901548],[-82.02905678],[6.9228684],[1.]
[26.64963692],[-82.15945613],[7.74060896],[1.]
[27.57460244],[-81.8335665],[7.93614602],[1.]
[28.39024064],[-81.35864858],[7.60571103],[1.]
[28.73995858],[-80.42182882],[7.5975806],[1.]
[28.90043886],[-80.59240538],[8.56976871],[1.]
[28.95615703],[-79.63243088],[8.29527926],[1.]
[28.35303702],[-79.88997158],[9.05020909],[1.]
[27.45842336],[-80.32491132],[8.94776968],[1.]
[27.09484012],[-79.52871399],[9.43137803],[1.]
[26.79652892],[-79.26492787],[10.3486715],[1.]
[25.97416563],[-78.6991813],[10.28826095],[1.]
[25.7119414],[-78.00856166],[10.96226612],[1.]
[26.19865438],[-78.88060183],[11.01380645],[1.]
[26.93298921],[-79.51280016],[11.26094534],[1.]
[27.77190008],[-79.80985755],[11.71699957],[1.]
[28.19978823],[-80.26802989],[12.4960951],[1.]
[29.01228081],[-80.62368657],[12.95800865],[1.]
[29.71215383],[-80.48952134],[12.25645505],[1.]
[30.42500208],[-81.13282199],[11.9771494],[1.]
[31.19331256],[-81.52367454],[12.48403528],[1.]
[30.95564031],[-81.78364017],[13.41994648],[1.]
[31.02425996],[-81.80299688],[12.42249139],[1.]
[31.49051009],[-82.51789203],[12.9435823],[1.]
[32.0662056],[-83.33547301],[12.95524477],[1.]
[31.9122632],[-84.08411909],[13.6000942],[1.]
[32.55316781],[-84.74235894],[13.99501391],[1.]
[33.23074244],[-85.41412458],[14.29438584],[1.]
[33.12142638],[-86.06531568],[15.04538527],[1.]
[33.75621402],[-86.77881579],[15.34196956],[1.]
[34.31787624],[-87.54604117],[15.65164806],[1.]
[35.17965021],[-87.87056976],[16.04155423],[1.]
[35.28199836],[-88.09794687],[17.00996762],[1.]
[35.44657311],[-87.74900436],[16.08738739],[1.]
[36.068134],[-87.16743344],[15.56256617],[1.]
[36.36858148],[-87.47776369],[14.66066459],[1.]
[36.56319872],[-87.39701314],[13.68311486],[1.]
[36.95474373],[-86.93609175],[12.8867205],[1.]
[37.34511672],[-86.58552832],[12.03541902],[1.]
[37.84152856],[-86.10185181],[11.31456375],[1.]
[38.37679012],[-85.57548445],[10.6539334],[1.]
[38.860064],[-84.98438937],[10.00813702],[1.]
[39.5639501],[-84.50191379],[9.48682935],[1.]
[39.51918451],[-83.66399918],[10.0307918],[1.]
[40.31719279],[-83.58923851],[9.43280046],[1.]
[40.44556115],[-82.60019341],[9.35992146],[1.]
[40.95731222],[-82.42933985],[8.51794764],[1.]
[41.66396301],[-83.06729279],[8.21190729],[1.]
[41.48239182],[-82.17277417],[8.62040251],[1.]
[41.16746693],[-81.44830336],[9.23356184],[1.]
[40.64349596],[-81.0895032],[10.00603634],[1.]
[40.43703719],[-80.31955419],[10.60981884],[1.]
[41.36268597],[-79.94742685],[10.54129453],[1.]
[41.42042357],[-80.66323577],[9.84538938],[1.]
[41.64955903],[-81.43398436],[9.2508782],[1.]
[41.4794721],[-82.39690079],[9.04144468],[1.]
[41.89273462],[-82.40940409],[8.13091859],[1.]
[41.90758152],[-81.45104573],[7.84573648],[1.]
[42.1330985],[-81.91387517],[8.70301765],[1.]
[41.51661579],[-82.57043664],[9.13761644],[1.]
[41.4693728],[-83.307695],[9.81157357],[1.]
[40.82128291],[-84.04825609],[9.63395388],[1.]
[40.55446697],[-84.87044529],[10.13676017],[1.]
[40.74850109],[-85.83855721],[10.29522177],[1.]
[41.16853146],[-85.28073644],[11.0110503],[1.]
[40.93776989],[-86.17739086],[11.38888618],[1.]
[40.99045211],[-86.75849886],[12.20100567],[1.]
[40.65521016],[-87.56730081],[12.68417463],[1.]
[40.455557],[-88.28314259],[13.35328535],[1.]
[40.05329833],[-89.18064879],[13.53403543],[1.]
[39.64368746],[-89.99458204],[13.12205049],[1.]
[39.71165398],[-89.28533412],[13.82372558],[1.]
[40.00982198],[-88.90392592],[14.69872479],[1.]
[40.50730153],[-88.20020638],[15.20596529],[1.]
[40.49282851],[-88.31104006],[16.19969887],[1.]
[40.64180602],[-88.57338233],[15.24629327],[1.]
[40.17108486],[-89.34697863],[15.67052239],[1.]
[39.52330305],[-89.94067124],[16.14791931],[1.]
[38.96948516],[-90.63543911],[16.60681292],[1.]
[39.77655472],[-91.1655417],[16.86687053],[1.]
[39.93450649],[-90.21598326],[16.59596461],[1.]
[40.0912641],[-89.33016218],[16.15921747],[1.]
[40.33278074],[-88.38378484],[15.94464894],[1.]
[39.82298526],[-87.64034228],[15.51174972],[1.]
[40.62888192],[-88.08761434],[15.89966501],[1.]
[41.28466029],[-87.55041535],[15.36921993],[1.]
[41.15043825],[-86.87215794],[14.64675793],[1.]
[41.77538094],[-87.12215273],[15.3863181],[1.]
[40.93503847],[-87.6530768],[15.49560747],[1.]
[40.60389206],[-87.35234674],[16.3899807],[1.]
[39.67136507],[-87.7134315],[16.39332964],[1.]
[38.8318887],[-87.29537976],[16.04618103],[1.]
[39.80426774],[-87.25709331],[16.27642689],[1.]
[40.76856292],[-87.08731839],[16.47967866],[1.]
[41.50693676],[-86.4146036],[16.43215102],[1.]
[42.16587855],[-85.84673129],[16.9254225],[1.]
[43.00287503],[-86.38337666],[17.03242081],[1.]
[43.79633989],[-85.85091551],[17.32720655],[1.]
[43.81488705],[-84.9072309],[16.99688041],[1.]
[43.18534802],[-85.55137628],[16.56241829],[1.]
[43.4940361],[-86.48159278],[16.76093509],[1.]
[42.62768921],[-86.55311712],[16.2666403],[1.]
[41.79731743],[-86.54428322],[15.70950057],[1.]
[41.92081663],[-85.83490935],[15.01557214],[1.]
[41.08023867],[-86.37286882],[15.07904106],[1.]
[40.73636726],[-86.2304637],[14.15088524],[1.]
[41.08199734],[-85.63845229],[13.42283144],[1.]
[40.82265059],[-84.76172239],[13.01775868],[1.]
[40.0473566],[-85.15824659],[12.52614117],[1.]
[39.93646583],[-86.10290383],[12.21739219],[1.]
[40.09920688],[-86.70921784],[11.43899725],[1.]
[40.08232943],[-85.72257636],[11.27696719],[1.]
[39.76881375],[-86.65270567],[11.08574122],[1.]
[40.48559037],[-86.96287492],[11.71026208],[1.]
[40.10424716],[-87.83472117],[12.0176079],[1.]
[39.75249721],[-88.72410246],[11.72559267],[1.]
[40.26798006],[-89.56125628],[11.54269676],[1.]
[39.9088437],[-90.46595686],[11.3134852],[1.]
[39.58315234],[-91.40030924],[11.16887961],[1.]
[39.21425515],[-92.317067],[11.32207903],[1.]
[38.9157521],[-92.75886502],[10.47608232],[1.]
[38.67481127],[-93.5299632],[9.88671391],[1.]
[39.59736257],[-93.50191125],[9.50186044],[1.]
[39.42166958],[-92.72236314],[8.90066437],[1.]
[39.46528848],[-91.91949539],[9.49522367],[1.]
[39.41878567],[-92.87271192],[9.79391368],[1.]
[39.48508155],[-93.85430598],[9.61481044],[1.]
[39.26572963],[-94.78186879],[9.91731989],[1.]
[40.18528869],[-95.14766711],[9.77378339],[1.]
[41.13089835],[-95.15192612],[9.44850776],[1.]
[41.45728104],[-96.06688641],[9.68583031],[1.]
[42.08051023],[-96.78339074],[9.99921016],[1.]
[41.47300526],[-97.57769956],[9.99586336],[1.]
[41.14592794],[-96.87516579],[10.62789716],[1.]
[41.05053913],[-95.88058752],[10.58648424],[1.]
[40.92292818],[-94.89178509],[10.66384838],[1.]
[40.95502076],[-93.99793614],[10.21663018],[1.]
[40.62997779],[-93.11010599],[10.54236731],[1.]
[40.99050628],[-92.77974959],[11.41465388],[1.]
[40.52252028],[-91.92624922],[11.64383987],[1.]
[40.37315773],[-90.94603605],[11.77373593],[1.]
[39.84060243],[-90.5070715],[12.49740366],[1.]
[40.17435322],[-89.76696269],[11.91358061],[1.]
[41.02902625],[-90.0956792],[11.51173553],[1.]
[41.09409083],[-91.07885341],[11.3410455],[1.]
[41.96957862],[-91.51887989],[11.54078988],[1.]
[42.04305381],[-90.52371554],[11.60597649],[1.]
